id,author,year,title,tech,institution,booktile,editor,booktitle,publisher,Pages,address,month,note,journal,volume,pages,type,date,Unnamed: 19
4,"M. Ahlskog, J. Paloheimo, H. Stubb, P. Dyreklev, M. Fahlman, O. Inganas and M.R. Andersson,",,,,,,,,,,,,,"J Appl. Phys.,","76,","893,",,(1994).,
7,"M. Ahlskog, J. Paloheimo, H. Stubb, P. Dyreklev, M. Fahlman, O. Inganas and M.R. Andersson,",,,,,,,,,,,,,"J Appl. Phys.,","76,","893,",,(1994).,
10,Steve Benford and Lennart E. Fahlen.,,A spatial model of interaction in large virtual environments.,,,,,"In Proceedings of ECSCW'93,",,,"Milan,",,,,,,,September,
13,"Benford, S., Bowers, J., Fahlen, L.E., Greenhalgh, C., Snowdon, D.",,User Embodiment in Collaborative Virtual Environments.,,,,,"In Proceedings of CHI95,",,,,,,,,242-249.,,(1995).,
20,"B. Buth et. al.,",,"Provably Correct Compiler Implementation,",,,,in U. Karstens and P. Pfahler (eds.),"Compiler Construction,","Springer Verlag, LNCS 641,",,,,,,,pp. 141-155.,,"1992,",
23,"Bettina Buth, Karl-Heinz Buth, Martin Franzle, Burghard von Karger, Yassine Lakhneche, Hans Langmaack, and Markus Muller-Olm.",,Provably correct compiler development and implementation.,,,,"In U. Kastens and P. Pfahler, editors,","Compiler Construction, number 641 in Lecture Notes in Computer Science,","Springer-Verlag,",,,,,,,pages 141-155.,,1992.,
29,,,An investigation of niche and species formation in genetic function optimization.,,,,"Deb, K. and D. Goldberg","Proceedings of the Third International Conference on Genetic Algorithms,",Morgan Kaufmann.,,,,,,,pp. 42-50.,,(1989).,
33,M. Dill and M.,,,,,,,,,,,,Perception & Psychophysics (in press).,,,,,,
36,"Dutta, S. and Shekhar, S.",,Bond rating: A non-conservative application of neural networks.,TR91-008,"Computer and Information Sciences, University of Florida",,,"In International Joint Conference on Neural Networks,",,,,,,,"volume 2,",pages 443-450.,,1988.,
45,"Fahle, M., Edelman, S., and Poggio, T.",,Fast perceptual learning in hyperacuity.,,,,,,,,,,,"Vision Research,",35,3003-3013.,,(1995).,
52,"Lennart E. Fahlen, Charles Grant Brown, Olov Stahl, and Christer Carlsson.",,A space based model for user interaction in shared synthetic environments.,,,,,"In Proceedings of Interchi '93,",,,,,,,,"pages 43-48,",,April,
58,"Fahlman, S. E.",,A Planning System for Robot Construction Tasks.,,,,,,,,,,,"Artificial Intelligence,","5 (1),",1-49.,,(1974).,
61,S. E. Fahlman.,,A planning system for robot construction tasks.,,,,,,,,,,,"Artificial Intelligence,",5,"1-49,",,1974.,
64,S. F. Fahlman.,,A planning system for robot construction tasks.,,,,,"Artifical Intel-lignece, 5:pp.",,,,,,,,"1-49,",,1974.,
69,"Fahlman, S.",,NETL: A system for representing and using real world knowledge.,,,,,,MIT Press.,,,,,,,,,(1979).,
72,"Fahlman, S. E.",,NETL: A System for Representing and Using Real-World Knowledge.,,,,,,MIT Press.,,,,,,,,,(1979).,
75,"Fahlman, S. E.,",,"NETL: A System for Representing and Using Real World Knowledge,",,,,,,Cambridge: MIT Press.,,,,,,,,,1979.,
78,"Fahlman, S. E.,",,"NETL: A System for Representing and Using Real World Knowledge, Cam-bridge:",,,,,,MIT Press.,,,,,,,,,1979.,
81,Scott E. Fahlman.,,NETL: A System for Representing and Using Real-World Knowledge.,,,,,,"MIT Press,",,"Cambridge, MA,",,,,,,,1979.,
84,Scott E. Fahlman.,,A System for Representing and Using Real-World Knowledge.,,,,,,"MIT Press,",,"Cambridge, MA,",,,,,,,1979.,
87,"S. Fahlman,",,NETL: A System for Representing and Using Real-World Knowledge.,,,,,,"The MIT Press,",,"Cambridge, Massachusetts,",,,,,,,1979.,
90,S. Fahlman.,,NETL: A System for Representing and Using Real-World Knowledge.,,,,,,"The MIT Press,",,"Cambridge, Mas-sachusetts,",,,,,,,1979.,
109,"Fahlman, S. E.",,Faster-learning variations on back-propagation.,,,,"In G. E. Hinton,",T.,,,,,,,,,,(1988).,
112,"Fahlman, S.E.",,"`Fast-learning variations on back-propagation: An empirical study',",,,,"Touretzky, D., Hinton, G., Sejnowski, T. (eds.),","Proc. 1988 Connectionist Models Summer School,","Morgan Kaufmann,",,"San Mateo, CA:",,,,,38-51.,,(1989),
115,"Fahlman, S.E.",,Fast-learning variations on back-propagation: an empirical study.,,,,"In D. Touretzky, G. Hinton & T. Sejnowski, eds.","Proceedings of the 1988 Connectionist Models Summer School,","(Morgan Kaufman,",,"Pittsburgh, PA,",,,,,38-51,,1989.,
118,S. Fahlman.,,Faster learning variations on back-propagation: An empirical study.,,,,,"In Procs. of the 1988 Connectionist Models Summer School,",,,"Pittsburgh, PA,",,,,,"pages 38-51,",,1988.,
122,"Fahlman, S.",,E . Faster-learning variations of backpropagation : An empirical study.,,,,"In D. Touretzky, G. E. Hinton, and T. J Sejnowski (Eds),","Proceedings of the 1988 Connectionist Models Summer School,",Morgan Kaufmann,,"San Mateo, CA:",,,,,"38-51,",,1988.,
125,"Fahlman, S. E.",,Fast-learning variations on back-propagation: An empirical study.,,,,"In Touretzky, D., Hinton, G., and Sejnowski, T., editors,","Proceedings of the 1988 Connectionist Models Summer School,","Mor-gan Kaufmann,",,"Pittsburgh, PA,",,,,,"pages 38-51,",,1989.,
128,S.E. Fahlman.,,Faster-learning Variations on Backpropagation : An Empirical Study. In T.J.,,,,"Sejnowski, G.E. Hinton, and D.S. Touretzky, editors,",in 1988 Connectionist Models Summer School.,"Morgan Kauf-mann,",,,,,,,,,1988.,
131,"S. Fahlmann,",,"Faster-Learning Variations on BackPropagation: An Empirical Study,",,,,,"Proceedings of the 1988 Connectionist Models Summer School,",,,,,,,,"pp 38-51,",,1988.,
134,S.E. Fahlman.,,Faster-learning variations on back-propagation: An empirical study.,,,,,"In Proceedings of the 1988 Connectionist Models Summer School,",,,,,,,,,,1988.,
143,S. E.,,"Fahlman (1988): Faster-Learning Variations on BackPropagation: An Empirical Study,",,,,,"in Proceedings of the 1988 Connectionist Models Summer School,",Morgan Kauf-mann.,,,,,,,,,,
147,Scott E. Fahlman.,,An empirical study of learning speed in back-propagation networks.,"Technical Report CMU-CS-88-162,","School of Computer Science, Carnegie Mellon University,",,,,,,"Pittsburgh, PA,",,,,,,,September,
150,"Fahlman, S. E.",,"An empirical study of learning speed in back-propagation networks,","Technical Report CMU-CS-88-162,",Carnegie Mel-lon University.,,,,,,,,,,,,,"(1988),",
153,"Fahlman, S. E.",,An empirical study of learning speed in backpropagation networks.,"Technical Report CMU-CS-88-162,","Computer Science Department, Carnegie Mellon University,",,,,,,"Pittsburgh, PA.",,,,,,,(1988).,
156,"Fahlman, S. E.",,An Empirical Study of Learning Speed in Backpropagation Networks.,"Technical Report CMU-CS-88-162,","School of Computer Science, Carnegie Mellon University,",,,,,,"Pittsburgh, PA.",,,,,,,1988.,
159,"Fahlman, Scott.",,An empirical study of learning speed in back-propagation networks.,"Technical Report CMU-CS-88-162,","Department of Computer Science, Carnegie Mellon University.",,,,,,,,,,,,,1988.,
162,"Fahlman, Scott.",,An empirical study of learning speed in back-propagation networks.,"Technical Report CMU-CS-88-162,","Department of Computer Science, Carnegie Mellon University.",,,,,,,,,,,,,1988.,
165,"Fahlman, S.E.",,An Empirical Study of Learning Speed in Back-Propagation Networks.,,,,,In Proceedings of the 1988 Connectionist Models Summer School.,Morgan-Kaufmann.,,,,,,,,,1988.,
174,"S. E. Fahlman,",,"An Empirical Study of Learning Speed in Back-Propagation Networks,","Technical Report,","CMU-CS-TR-88-162, Carnegie Mellon University,",,,,,,,,,,,,,1988.,
177,"Fahlman, S.:",,"An Empirical Study of Learning Speed in Back-Propagation Networks,","CMU-CS-88-162,","Carnegie Mellon University,",,,,,,"Pittsburgh, PA,",,,,,,,September,
180,"Fahlman, S.E.",,"An empirical study of learning speed in backpropagation networks,","Technical Report CMU-CS-88-162,","Carnegie Mellon University,",,,,,,"Pittsburgh, PA,",,,,,,,1988.,
194,S.E. Fahlman and C. Lebiere:,,"The Cascade-Correlation Learning Architecture,","(technical report), CMU-CS-90-100,","Carnegie-Mellon University,",,,,,,"Pittsburgh, PA:",,,,,,,1991.,
197,"Fahlman, S. E. and Lebiere,C.",,The cascade-correlation learning architecture.,Technical Report CMU-CS-90-100.,Carnegie-Mellon Universtity.,,,,,,,,,,,,,(1990).,
200,"Fahlman, S. E. and Lebiere, C.",,The Cascade-correlation Learning Architecture.,"Technical Report CMU-CS-90-100,","School of Computer Science, Carnegie-Mellon University,",,,,,,"Pittsburgh, PA.",,,,,,,(1990).,
203,"Fahlman, S. E., & Lebiere, C.",,Cascade-correlation learning architecture,Technical rep. CMU-CS-90-100).,"Carnegie Mellon University, Computer Science Department.",,,,,,"Pittsburgh, PA:",,,,,,,(1989).,
206,"Fahlman, S., and Lebiere, C.",,The cascade-correlation learning architecture.,"Technical Report CMU CS-90-100,","Carnegie Mellon University,",,,,,,Pittsburgh.,,,,,,,(1990).,
209,"Fahlman, S. and Lebiere, C.",,The Cascade-Correlation Learning Architecture.,"CMU-CS-90-100,","School of Computer Science, Carnegie-Mellon University,",,,,,,"Pittsburgh, PA 15213.",,,,,,,(1990).,
215,"Fahlman, S. E., and Lebiere, C.",,The Cascade-Correlation learning architecture.,"Tech. Rep. CMU-CS-90-100,","School of Computer Science, Carnegie Mellon University,",,,,,,"Pittsburgh, PA,",,,,,,,Feb.,
218,"Fahlman, S. E., and Lebiere, C.",,The Cascade-Correlation learning architecture.,"Tech. Rep. CMU-CS-90-100,","School of Computer Science, Carnegie Mellon University,",,,,,,"Pittsburgh, PA,",,,,,,,Feb.,
221,"S. E. Fahlman and C. Lebiere,",,"The Cascade-Correlation Learning Architecture,","Technical Report, CMU-CS-TR-91-100,","Carnegie Mellon University,",,,,,,,,,,,,,1991.,
224,"S. Fahlman and C. Lebiere,",,"The casade-correlation learning architecture,","Tech. Report CMU-CS-90-100,","Carnegie Mellon University, School of Computer Science,",,,,,,,,,,,,,Feb,
227,"Fahlman, S. and Lebiere, C.",,The Cascade-Correlation Learning Architecture.,"Carnegie-Mellon Report CMU-CS-90-100,",,,,,,,,,,,,,,1990,
230,S. E. Fahlman and Christian Lebiere.,,The cascade-correlation learning architecture.,"Technical Report CMU-CS-90-100,","School of Computer Science, Carnegie Mellon University,",,,,,,"Pittsburgh, PA 15213,",,,,,,,"February,",
233,"Fahlman, S. and Lebiere, C.",,The Cascade-Correlation Learning Architecture.,"CMU-CS-90-100,","School of Computer Science, Carnegie-Mellon University,",,,,,,"Pittsburgh, PA 15213.",,,,,,,(1990).,
236,S.E. Fahlman and C. Lebiere.,,The cascade-correlation learning architecture.,"Technical report,","School of Computer Science Carnegie Mellon University,",,,,,,"Pittsburgh, PA 15213,",,,,,,,August,
239,S. E. Fahlman and C. Lebiere.,,The cascade-correlation learning architecture.,"Technical Report CMU-CS-90-100,","School of Computer Science, Carnegie-Mellon University,",,,,,,"Pittsburgh, PA,",,,,,,,1990.,
242,"Fahlman, S. E. & Lebiere, C.",,The Cascade-correlation Learning Architecture.,"Technical Report CMU-CS-90-100,","School of Computer Science, Carnegie-Mellon University,",,,,,,"Pittsburgh, PA.",,,,,,,(1990).,
250,"Fahlman, S. & Lebiere, C.",,The cascade-correlation learning architecture.,,,,"In Touretzky, D., editor,","Advances in Neural Information Processing Systems (volume 2),",Morgan Kaufmann.,,"San Mateo, CA.",,,,,"(pp. 524-532),",,(1989).,
253,"Fahlman, S. & Lebiere, C.",,The cascade-correlation learning architecture.,,,,"In Touretzky, D., editor,","Advances in Neural Information Processing Systems (volume 2),",Morgan Kaufmann.,,"San Mateo, CA.",,,,,"(pp. 524-532),",,(1989).,
256,"Fahlman, S. & Lebiere, C.",,The cascade-correlation learning architecture.,,,,"In Touretzky, D., editor,","Advances in Neural Information Processing Systems (volume 2),",Morgan Kaufmann.,,"San Mateo, CA.",,,,,"(pp. 524-532),",,(1989).,
259,"Fahlman, S. & Lebiere, C.",,The cascade-correlation learning architecture.,,,,"In Touretzky, D., editor,",Advances in Neural Information Processing Systems (volume 2).,"Morgan Kaufmann,",,"San Ma-teo, CA.",,,,,,,(1989).,
262,"Fahlman, S. E. & Lebiere, C.",,The cascade-correlation learning architecture.,,,,,Advances in Neural Information Processing Systems (Vol.,Morgan Kaufmann.,,"Denver, CO:",,,,,2) (pp. 524-532).,,(1989).,
268,"Fahlman, S. E. & Lebiere, C.",,The cascade correlation architecture.,,,,,"In Advances in Neural Information Processing Systems,",,,,,,,Volume 2,(pp. 524532).,,(1990).,
271,"Fahlman, S. E. and Lebiere, C.",,The Cascade Correlation Learning Architecture.,,,,"Touretzky, D. S. (ed).",In Neural Information Processing Systems,"Morgan-Kauffman,",,,,,,2.,pp 524-532.,,(1990).,
274,"Fahlman, S. E. and Lebiere, C.",,The cascade-correlation architecture.,,,,"In Touretzky, D. S., editor,",Advances in Neural Information Processing Structures,Morgan Kaufmann.,,,,,,"2,",pages 524 532.,,(1990).,
277,"Fahlman, S. E., & Lebiere, C.",,The Cascade Correlaion Learning Architecture.,,,,"Touretzky, D. S. (ed),",NIPS.,,,,,,,,Pages 524-532,,(1990).,
280,"Fahlman, S. E., & Lebiere, C.",,The cascade correlation architecture.,,,,,"Advances in 43 Neural Information Processing Systems,",,,,,,,"2,",524-532.,,(1990).,
283,"Fahlman, S. E., & Lebiere, C.",,The cascade-correlation learning architecture.,,,,D. S. Touretzky (Ed.),In Advances in Neural Information Processing Systems,Morgan Kaufmann.,,"San Mateo, CA:",,,,Vol. 2).,,,(1990).,
286,"Fahlman, S. E., & Lebiere, C.",,The cascade-correlation learning architecture.,,,,"In Touretzky, D. S. (Ed.),",Advances in Neural Information Processing Systems,"Morgan Kaufmann,",,"San Mateo, CA.",,,,"2,",pp. 524-532.,,(1990).,
289,"Fahlman, S. E., and Lebiere, C.",,The cascade-correlation learning architecture.,,,,"In Touretzky, D. S., editor,",Advances in Neural Information Processing Systems,Morgan Kaufmann.,,"San Mateo, CA:",,,,"2,",524-532.,,(1990).,
292,"Fahlman, S. E., and Lebiere, C.",,The cascade-correlation learning architecture.,,,,"In Touretzky, D. S., editor,",Advances in Neural Information Processing Systems,Morgan Kaufmann.,,"San Mateo, CA:",,,,"2,",524-532.,,(1990).,
295,"Fahlman, S. and Lebiere C.",,The Cascade Correlation Learning Architecture.,,,,,,,,,,,,,,,(1991).,
298,"Fahlman, S. and Lebiere, C.",,The cascade-correlation architecture.,,,,"In Touretzky, D. S., editor,",Advances in Neural Information Processing Structures,Mor-gan Kaufmann.,,,,,,"2,",pages 524-532.,,(1990).,
301,"Fahlman, S., & Lebiere, C.",,"The cascade-correlation learning architecture. In Touret-zky,",,,,"D. (Ed.),","Advances in Neural Information Processing Systems,",Morgan Kaufmann.,,"San Mateo, CA.",,,,"Vol. 2,","pp. 524-532,",,(1989).,
304,"Fahlman, S., & Lebiere, C.",,The cascade-correlation learning architecture.,,,,"In Touret-zky, D. (Ed.),","Advances in Neural Information Processing Systems,",Morgan Kaufmann.,,"San Mateo, CA.",,,,"Vol. 2,","pp. 524-532,",,(1989).,
307,"Fahlman, S., and Lebiere, C.",,The cascade-correlation learning architecture.,,,,,In Advances in Neural Information Processing Systems,CO.,,"Denver,",,,,"2,",524-532.,,(1989).,
313,S. E. Fahlman and C. Lebiere.,,The cascade-correlation learning architecture.,,,,"In D. S. Touretzky, (ed.),",Advances in Neural Information Processing Systems,Morgan Kaufmann.,,,,,,"volume2,",pages 524-532.,,(1990),
316,S.E. Fahlman and C. Lebiere.,,The cascade-correlation learning architecture.,,,,,In Advances in Neural Information Processing Systems,,,"Den-ver, CO,",,,,"volume2,","pages 524-532,",,November,
319,S. Fahlman and C. Lebiere.,,The cascade-correlation learning architecture.,,,,"In D. Touretzky, editor,","Advances in Neural Information Processing Systems,","Morgan Kaufmann,",,,,,,"volume 2,",pages 524-532.,,1990.,
322,"S. E. Fahlman and C. Lebiere,",,"The Cascade-Correlation Learning Architecture,",,,,,"In Advances in Neural Information Processing Systems,",,,"Denver, CO",,,,"volume 2,",524-532.,,"(1989),",
331,"S. E. Fahlman and C. Lebiere,",,"The cascade-correlation learning algorithm,",,,,"in D. S. Touretzky, ed.,",Advances in Neural Information Processing Systems,"Morgan Kauffman,",,"Los Altos, Ca.:",,,,"2,","pp. 524-532,",,1990.,
334,S. E. Fahlman and C. Lebiere.,,The cascade-correlation learning architecture.,,,,"In D. S. Touretsky, editor,","Advances in Neural Information Processing Systems,",Morgan Kaufmann.,,"San Mateo, CA,",,,,,"pages 524-532,",,1990.,
337,"S. Fahlman and C. Libiere,",,"The Cascade Correlation Architecture""",",,,,in D. Touretzky (ed.)",",Advances in Neural Information Processing Systems,(Morgan Kaufman",",,San Mateo","CA)""",,,,2,P.524-532.,,,,,,,
340,S. E. Fahlman and C. Lebiere.,,The cascade-correlation learning architecture.,,,,"In D. S. Touretzky, editor,","Advances in Neural Information Processing Systems,",Morgan Kaufmann.,,"San Mateo, CA,",,,,"volume 2,","pages 524-532,",,1990.,
343,"Fahlman, S.E. and Lebiere, C.",,"The cascade-correlation learning architecture,",,,,"D.S. Touretzky, (Ed.)","Advances in Neural Information Processing,","Morgan Kauffman,",,"San Mateo, CA:",,,,"vol. 2,","pp. 524-532,",,1990.,
346,"Fahlmann, Scott, C. Lebiere.",,The Cascade-Correlation Learning Architechture.,,,,,in Advances in Neural Information Processing,Morgan Kaufmann Publishers:,,"Los Altos, CA.",,,,2.,pp. 524-532.,,,
349,Scott E. Fahlman and Christian Lebiere.,,The Cascade-Correlation learning architec-ture.,,,,,"In [13],",,,,,,,,"pages 524-532,",,1990.,
352,S.E. Fahlman and C. Lebiere.,,The cascade-correlation learning architecture.,,,,"In D. S. Touretzky, editor,",Advances in Neural Information Processing Systems,"IEEE, Morgan Kaufmann.",,"San Mateo, CA,",,,,"2,","pages 524-532,",,1990.,
358,S.E. Fahlman and C. Lebiere.,,The cascade-correlation learning architecture.,,,,"In D. S. Touretzky, editor,",Advances in Neural Information Processing Systems,"Morgen Kaufmann,",,,,,,2.,,,1990.,
361,"Fahlman, S. and Lebiere, C.",,The cascade-correlation learning architecture.,,,,"In D.S. Touretzky (Ed.),",Advances in Neural Information Processing Systems,"Morgan Kaufmann Publishers,",,Los Altos CA.,,,,2,(pp. 524-532.).,,(1990).,
364,S. Fahlman and C. Lebiere.,,The cascade-correlation learning architecture.,,,,"In D. Touretzky, editor,","Advances in Neural Information Processing Systems,","Morgan Kaufmann,",,Denver,,,,"volume 2,","pages 524-532,",,"1989, 1990.",
367,Scott E. Fahlman and Christian Lebiere.,,The Cascade-Correlation learning architecture.,,,,,"In [22],",,,,,38 REFERENCES,,,"pages 524-532,",,1990.,
370,"Fahlman, Scott E.,",,"The Cascade-Correlation Learning Architecture""",",,,,,in Advances in Neural Information Processing Systems,Morgan Kaufman,,,,,,2",",,,(1990).,
371,S. Fahlman",",,""The cascade-correlation learning architecture,"",,,,D. Touretzky","ed.""",in Advances in Neural Information Processing Systems,"Morgan Kaufmann Publishers,",,"(San Mateo, CA),",,,,2,"pp. 524- ed.532,",,1990.,
373,S.E. Fahlman and Lebiere C.,,; The Cascaded-Correlation Learning Architecture.,,,,,"In: Advances in Neural Information Processing Systems,",,,,,,,"2,","524-532,",,1990.,
376,S.E. Fahlman and C. Lebiere.,,The cascade-correlation learning architecture.,,,,"In D.S. Touretzky, editor,","Advances in Neural Information Processing Systems,",Morgan Kaufmann.,,"San Mateo,",,,,"volume 2,","pages 524-532,",,1990.,
379,S. E. Fahlman and C. Lebiere.,,The cascade correlation learning algorithm.,,,,"In D.S. Touretzky, editor,",Neural Information Processing Systems,"Morgan-Kauffman,",,"San Mateo, CA,",,,,"2,",pages 524-532.,,1990.,
391,"Fahlman, S.E. and Lebiere C.",,The Cascade-Correlation Learning Architecture.,,,,"ed. D.S. Touretzky,","In Advances in Neural Information Processing Systems II (Denver 1989),",Morgan Kaufmann.,,San Mateo:,,,,,524-532.,,"(1990),",
394,S. E. Fahlman and C. Lebiere,,"The Cascade-Correlation Learning Architecture,",,,,"D. E. Touretzky, ed.","in Advances in Neural Information Systems II,",Morgan Kaufmann.,,,,,,,pp. 524-532,,(1991):,
397,"Fahlman, S. E.",,The recurrent cascade-correlation architecture.,,,,"In Lippmann, R. P., Moody, J. E., and Touretzky, D. S., editors,",Advances in Neural Information Processing Systems,Morgan Kaufmann.,,"San Mateo, CA:",,,,"3,",190-205.,,(1991).,
400,"Fahlman, S. E.",,The recurrent cascade-correlation architecture.,,,,"In Lippmann, R. P., Moody, J. E., and Touretzky, D. S., editors,",Advances in Neural Information Processing Systems,Morgan Kaufmann Publishers.,,"San Mateo, California:",,,,"3,",pages 190-196.,,(1991).,
403,"Fahlman, S. E.",,The recurrent cascade-correlation learning algorithm.,,,,"In Lippmann, R. P., Moody, J. E., and Touretzky, D. S., editors,","NIPS 3,",Morgan Kaufmann.,,"San Mateo, CA:",,,,,pages 190-196.,,(1991).,
406,S. Fahlman.,,The recurrent cascade-correlation architecture.,,,,"In R. Lippmann, J. Moody, and D. Touretzky, editors,",Advances in Neural Information Processing Systems,"Morgan Kaufmann Publishers, Inc.,",,"San Mateo, California,",,,,"3,",pages 190-196.,,1991.,
409,Scott E. Fahlman.,,The recurrent cascade-correlation architecture.,,,,"In R. P. Lippmann, J. E. Moody, and D. S. Touretzky, editors,",Advances in Neural Information Processing Systems,Morgan Kaufmann Publishers.,,"San Mateo, California,",,,,"3,","pages 190-196,",,1991.,
412,S. Fahlman.,,The recurrent cascade-correlation architecture.,,,,"In R. Lippmann, J. Moody, and D. Touretzky, editors,",Advances in Neural Information Processing Systems,"Morgan Kaufmann,",,"San Mateo, CA,",,,,"3,",pages 190 196.,,1991.,
416,Scott E. Fahlman and David B. McDonald.,,Design considerations for CMU common lisp.,,,,"In Peter Lee, editor,","Advanced Language Implementation,","The MIT Press,",,,,,,"chapter 6,",pages 137-156.,,1991.,
421,Scott E. Fahlman.,,Some thoughts on NETL 15 years later.,,Stanford University.,,"In James Geller, editor,","Innovative Applications of Massive Parallelism,","AAAI,",,,,"Working Notes, Spring Symposium Series,",,,pages 85-89.,,1993.,
424,"S. E. Fahlman, L. D. Baker and J. A. Boyan,",,"The Cascade 2 Learning Architecture,","Technical Report,","CMU-CS-TR-96-184, Carnegie Mellon University,",,,,,,,,,,,,,1996.,
427,"Fahln, L.E.; C.G.Brown; O.Stahl; C.Carlsson.",,A Space Based Model for User Interaction in Shared Synthetic Environments.,,,,,In proceedings of the InterCHI93 conference (Amsterdam).,"ACM, NY:",,,,,,,43-48.,,1993.,
433,M. H. Hoehfeld and S. Fahlman.,,Learning with Limited Numerical Precision Using the Cascade-Correlation Algorithm.,,,,,,,,,,,"IEEE Transactions on Neural Networks,","vol. 3, no. 4,",,,July,
437,"Knoop, J. and Steffen, B.,",,"The interprocedural coincidence theorem,",,,,"U. Kastens and P. Pfahler, ed.","in Proceedings of the Fourth International Conference on Compiler Construction,","Springer-Verlag,",,"FRG, Paderborn",,"Lecture Notes in Computer Science,",,"Vol. 641,",pp. 125-140,,"October 5-7,",
440,"Knoop, J. and Steffen, B.,",,"The interprocedural coincidence theorem,",,,,U. Kastens and P. ed.,"in Proceedings of the Fourth International Conference on Compiler Construction,","Pfahler,Springer-Verlag,",,"FRG, paderborn",,"Lecture Notes in Computer Science,",,"Vol. 641,",pp. 125-140,,"October 5-7,",
443,"Knoop, J. and Steffen, B.,",,"The interprocedural coincidence theorem,",,,,U. Kastens and P. ed.,"in Proceedings of the Fourth International Conference on Compiler Construction,","Pfahler,Springer-Verlag,",,"FRG, Paderborn,",,"Lecture Notes in Computer Science,",,"Vol. 641,",pp.125-140,,"October 5-7,",
446,"Knoop, J. and Steffen, B.,",,"The interprocedural coincidence theorem,",,,,U. Kastens and P. ed.,"in Proceedings of the Fourth International Conference on Compiler Construction,","Pfahler,Springer-Verlag,",,"FRG, Paderborn,",,"Lecture Notes in Computer Science,",,"Vol. 641,",pp. 125-140,,"October 5-7,",
449,J. Knoop and B. Steffen.,,The interprocedural coincidence theorem.,,,,"U. Kastens and P. Pfahler (eds.),","In Proceedings of the Fourth International Conference on Compiler Construction,","Springer-Verlag,",,"Paderborn, FRG,",,"Appeared as Lecture Notes in Computer Science,",,"Vol. 641,","pages 125-140,",,October,
457,P. Pfahler and U. Kastens.,,Language design and implementation by selection.,,,,,"In First ACM SIGPLAN Workshop on Domain-Specific Languages,",,,"Paris, France,",,,,,,,January,
461,"Poggio, T., Fahle, M., and Edelman, S.",,Fast perceptual learning in visual hyperacuity.,,,,,,,,,,,"Science,",256,1018-1021.,,(1992).,
464,"Poggio, T., Fahle, M., & Edelman, S.",,Fast perceptual learning in visual hyperacuity.,,,,,,,,,,,"Science,","256,",1018-1021.,,(1992),
472,"Guy L. Steele Jr., Scott E. Fahlman, Richard P. Gabriel, David A. Moon, and Daniel L. Weinreb.",,Common Lisp: The Language.,,,,,,"Digital Press,",,"Burlington, Massachusetts,",,,,,,,1984.,
475,"Common Lisp: The Language (Second Edition). By Guy L. Steele Jr., Scott E. Fahlman, Richard P. Gabriel, David A. Moon, Daniel L. Weinreb, Daniel G. Bobrow, Linda G. DeMichiel, Sonya E. Keene, Gregor Kiczales, Crispin Perdue, Kent M. Pitman, Richard C. Waters, and Jon L White.",,,,,,,,"Digital Press,",,"Bedford, Massachusetts,",,"ISBN 1-55558-041-6. Steele and Gabriel, Evolution of Lisp 72",,,,,1990.,
478,"Common Lisp: The Language (Second Edition). By Guy L. Steele Jr., Scott E. Fahlman, Richard P. Gabriel, David A. Moon, Daniel L. Weinreb, Daniel G. Bobrow, Linda G. DeMichiel, Sonya E. Keene, Gregor Kiczales, Crispin Perdue, Kent M. Pitman, Richard C. Waters, and Jon L White.",,,,,,,,"Digital Press,",,"Bedford, Massachusetts,",,"ISBN 1-55558-041-6. Steele and Gabriel, Evolution of Lisp 72",,,,,1990.,
482,"Thrun, S.B., Bala, J., Bloedorn, E., Bratko, I., Cestnik, B., Cheng, J., De Jong, K., Dzerowski, S., Fahlman, S.E., Hamann, R., Kaufman, K., Keller, S., Kononenko, I., Kreuziger, J., Michalski, R.S., Mitchell, T., Pachowicz, P., Vafaie, H., Van de Velde, W., Wenzel, W., Wnek, J., and Zhang, J.,",,"The MONKS Problems: A Performance Comparison of Different Learning Algorithms,","(revised version),","Carnegie Mellon University,",,,,,,"Pittsburgh, PA,",,,,,,,1991.,
485,"Fahlman, D. Fisher, R. Hamann, K. Kaufman, S. Keller, I. Kononenko, J. Kreuziger, R.S. Michal-ski, T. Mitchell, P. Pachowicz, Y. Reich, H. Vafaie, W. Van de Welde, W. Wenzel, J. Wnek, and J. Zhang.",,The MONK's problems A performance comparison of different learning algorithms.,"Technical Report CS-CMU-91-197,","Carnegie Mellon University,",,,,,,,,,,,,,1991.,
491,"S. B. Thrun, J. Bala, E. Bloendorn, I. Bratko, B. Cestnik, J. Cheng, K. De Jong, S. D^zeroski, S. E. Fahlman, D. Fisher, R. Hamann, K. Kauf-man, S. Keller, I. Kononenko, J. Kreuziger, R. S. Michalski, T. Mitchell, P. Pachovicz, Y. Re-ich, H. Vafaie, W. Van de Welde, W. Wentzel, J. Wnek, and J. Zhang.",,The monk's problems a performance comparison of different learning algorithms.,"Technical Report CMU-CS-91-197,","School of Computer Science, Carnegie-Mellon University.,",,,,,,"Pittsburgh, PA - USA,",,,,,,,1991.,
494,"S.B. Thrun, J. Bala, E. Bloedorn, I. Bratko, B. Cestnik, J. Cheng, K. De Jong, S. Dzeroski, S.E. Fahlman, D. Fisher, R. Hamann, K. Kaufman, S. Keller, I. Kononenko, J. Kreuziger, R.S. Michalski, T. Mitchell, P. Pachowicz, Y. Reich, H. Vafaie, W. Van de Weldel, W. Wenzel, J. Wnek, and J. Zhang.",,The monk's problems: A performance comparison of different learning algorithms.,"Technical Report CMU-CS-91-197,","Carnegie Mellon University,",,,,,,,,,,,,,1991.,
497,"Sebastian B. Thrun, Jerzy Bala, Eric Bloedorn, Ivan Bratko, Bojan Cestnik, John Cheng, Kenneth De Jong, Saso Dzeroski, Douglas Fisher, Scott E. Fahlman, Rainer Hamann, Kenneth Kaufman, Stefan Keller, Igor Kononenko, Juergen Kreuziger, Ryszard S. Michalski, Tom Mitchell, Peter Pachowicz, Yoram Reich, Haleh Vafaie, Walter Van de Welde, Walter Wenzel, Janusz Wnek, and Jianping Zhang.",,The MONK's problems a performance comparison of different learning algorithms.,"Technical Report CMU-CS-91-197,","Carnegie Mellon University,",,,,,,"Pittsburgh, PA,",,,,,,,December,
500,"S. Thrun, J. Bala, E. Bloedorn, I. Bratko, B. Cestnik, J. Cheng, K. De Jong, S. Dzeroski, D. Fisher, S. E. Fahlman, R. Hamann, K. Kaufman, S. Keller, I. Kononenko, J. Kreuziger, R. S. Michalski, T.M. Mitchell, P. Pachowicz, Y. Reich, H. Vafaie, W. Van de Welde, W. Wenzel, J. Wnek, and J. Zhang.",,The MONK's problems a performance comparison of different learning algorithms.,"Technical Report CMU-CS-91-197,","Carnegie Mellon University,",,,,,,"Pittsburgh, PA,",,,,,,,December,
503,"Thrun. S.B., Bala, J., Bloedorn, E., Bratko, I., Cestnik, B., Cheng, J., De Jong, K.A., Dzeroski, S., Fahlman, S.E., Hamann, R., Kaufman, K., Keller, S., Kononenko, I., Kreuziger, J., Michalski, R.S., Mitchell, T., Pachowicz, P., Vafaie, H., Van de Velde, W., Wenzel, W., Wnek, J., and Zhang, J.,",,"The MONKs Problems: A Performance Comparison of Different Learning Algorithms,","(revised version),","Carnegie Mellon University,",,,,,,"Pittsburgh, PA,",,,,,,,1991.,
506,"Thrun, S., Bala, J., Bloedorn, E., Bratko, I., Cestnik, B., Cheng, J., De Jong, K., Dzeroski, S., Fisher, D., Fahlman, S., Hamann, R., Kaufman, K., 8 Keller, S., Kononenko, I., Kreuziger, J., Michalski, R., Mitchell, T., Pa--chowicz, P., Reich, Y., Vafaie, H., Van de Welde, W., Wenzel, W., Wnek, J. and Zhang, J.",,The MONK's problems a performance comparison of different learning algorithms.,"CMU-CS-91-197,","School of Computer Science, Carnegie-Mellon University.",,,,,,,,,,,,,(1991).,
509,"Thrun, S., Bala, J., Bloedorn, E., Bratko, I., Cestnik, B., Cheng, J., De Jong, K., Dzeroski, S., Fisher, D., Fahlman, S., Hamann, R., Kaufman, K., Keller, S., Kononenko, I., Kreuziger, J., Michalski, R., Mitchell, T., Pa-chowicz, P., Reich, Y., Vafaie, H., Van de Welde, W., Wenzel, W., Wnek, J. and Zhang, J.",,The MONK's problems a performance comparison of different learning algorithms.,"CMU-CS-91-197,","School of Computer Science, Carnegie-Mellon University.",,,,,,,,,,,,,(1991).,
512,"S.B. Thrun, J. Bala, E. Bloedorn, I. Bratko, B. Cestnik, J. Cheng, K. De Jong, S. Dzeroski, S.E. Fahlman, D. Fisher, R. Hamann, K. Kaufman, S. Keller, I. Kononenko, J. Kreuziger, R.S. Michalski, T. Mitchell, P. Pachowicz, Y. Reich, H. Vafaie, W. Van de Weldel, W. Wenzel, J. Wnek, and J. Zhang.",,The monk's problems: A performance comparison of different learning algorithms.,"Technical Report CMU-CS-91-197,","Carnegie Mellon University,",,,,,,,,,,,,,1991.,
515,"S.B. Thrun, J. Bala, E. Bloedorn, I. Bratko, B. Cestnik, J. Cheng, K. De Jong, S. Dzeroski, S.E. Fahlman, D. Fisher, R. Hamann, K. Kaufman, S. Keller, I. Kononenko, J. Kreuziger, R.S. Michalski, T. Mitchell, P. Pachowicz, Y. Reich, H. Vafaie, W. Van de Welde, W. Wenzel, J. Wnek, and J. Zhang,",,The MONK's problems a performance comparison of different learning algorithms.,"Tech. Report: CMU-CD-91-197,","Carnegie Mellon University,",,,,,,,,,,,,,1991.,
518,"Thurn, S. B., Bala, J., Bloedorn, E., Bratko, I., Cestnik, B., Cheng, J., Jong, K. D., Dzeroski, S., Fahlman, S. E., Fisher, D., Hamann, R., Kaufman, K., Keller, S., Kononenko, I., Kreuziger, J., Michalski, R. S., Mitchell, T., Pachowicz, P., Reich, Y., Vafaie, H., de Welde, W. V., Wenzel, W., Wnek, J., and Zhang, J.,",,The MONK's problems: A performance comparison of different learning algorithms.,Technical reportCMU-CS-91-197.,"Carnegie Mellon University,",,editors.,,,,"Pittsburgh, PA,",,Also available as ftp://ics.uci.edu/pub/- machine-learning-databases/monks-problems/thrun.comparison.ps.Z.,,,,,December,
520,"Vitek, J., Horspool, R. N., and Uhl, J. S.",,Compile-time analysis of object-oriented programs.,,,,"In Kastens U. and Pfahler, P., Eds.,","Proceedings of the Fourth International Conference on Compiler Construction,","Springer-Verlag,",,"Berlin, Germany,",,"volume 641 of Lecture Notes in Computer Science, (Paderborn, Germany, Oct.).",,,pp. 236-250.,,1992.,
525,"Weiss, Y., Edelman, S., and Fahle, M.",,Models of perceptual learning in vernier hyperacuity.,,,,,,,,,,,"Neural Computation,",5,695-718.,,(1993).,
532,"Kibler, D., & Aha, D. W.",(1987).,Learning representative exemplars of concepts: An initial case study.,,,,,In Proceedings of the Fourth International Workshop on Machine Learning,Morgan Kaufmann.,,"Irvine, CA:",,,,,pp. 24-30.,,,
535,"Kibler, D., and Aha, D.",1987.,Learning Representative Exemplars of Concepts: An Initial Case Study.,,,,,"In Proceedings of the 4th International Workshop on Machine Learning,",,,,,,,,24-30.,,,
538,"Kibler, D., and Aha, D. W.",(1987).,Learning Representative Exemplars of Concepts: An Initial Case Study.,,,,,In Proceedings of the Fourth International Workshop on Machine Learning.,"Morgan Kaufmann,",,"Irvine, CA:",,,,,24-30.,,,
541,"Kibler, D., and David W. Aha,",(1987).,Learning representative exemplars of concepts: An initial case study.,,,,,Proceedings of the Fourth International Workshop on Machine Learning.,"Morgan Kaufmann,",,"Irvine, CA:",,,,,pp. 24-30.,,,
544,D. Kibler and D. Aha.,1987.,Learning representative exemplars of concepts: An initial case study.,,,,"In Pat Langley, editor,","Proceedings of the Fourth International Workshop on Machine Learning,","Morgan Kaufmann,",,Los Altos:,,,,,pages 24-30.,,,
547,D. Kibler and D. W. Aha.,1987.,Learning representative exemplars of concepts: an initial case study.,,,,"In P. Langley, editor,","Proc. 4th International Workshop on Machine Learning,",Kaufmann.,,"CA,",,,,,,,,
550,"Kibler, D., and Aha, D.W.","1987,",Learning Representative Exemplars of Concepts: An Initial Case Study.,,,,,"In Proceedings of the Fourth International Workshop on Machine Learning,",,,,,,,,24-30.,,,
555,"Aha, D. & Kibler, D.",(1989).,Noise-tolerant instance-based leanring algorithms.,,,,,Proc. IJCAI-89,,,,,,,,pp.794-799).,,,
558,"Aha, D. & Kibler, D.",(1989).,Noise-tolerant instance-based learning algorithms.,,,,,Proc. IJCAI-89,,,,,,,,pp.794-799).,,,
561,"Aha, D. W., & Kibler, D.",(1989).,Noise-tolerant instance-based learning algorithms.,,,,,In Proceedings of the 1989 International Joint Conference on Artificial Intelligence.,Morgan Kaufmann.,,"San Mateo, CA:",,,,,,,,
564,"Aha, D. W., & Kibler, D.",(1989).,Noise-tolerant instance-based learning algorithms.,,,,,In Proceedings of the Eleventh International Joint Conference on Artificial Intelligence,Morgan Kaufmann.,,"Detroit, MI:",,,,,(pp. 794-799).,,,
567,"Aha, D. and Kibler, D.",(1989),Noise-tolerant instace-based learning algorithms.,,,,,Proceedings of the Eleventh International Joint Conference on 39 Artificial Intelligence,Morgan Kaufmann.,,"Detroit, MI:",,,,,(pp. 794-799).,,,
570,"Aha, D., & Kibler, D.",(1989).,Noise-tolerant Instance-based Learning Algorithms.,,,,,Proceedings of the Eleventh International Joint Conference on Artificial Intelligence.,Morgan Kaufmann.,,"Detroit, MI:",,,,,Pages 794-799,,,
573,"Aha, D.W., and Kibler, D.,",1989.,Noise-tolerant Instance-based Learning Algorithms.,,,,,in Proceedings of the Eleventh International Joint Conference on Artificial Intelligence,"Published by Mor-gan Kaufmann,",,"Detroit, MI.",,,,,"(pp. 794-799),",,,
576,D.W. Aha and D. Kibler.,1989.,Noise-tolerant instance-based learning algorithm.,,,,,"In International Joint Conference on Artificial Intelligence,",Morgan Kaufmann.,,"Detroit,",,,,,"pages 794-799,",,,
579,D. Aha and D. Kibler.,1989.,Noise-tolerant instance-based learning algorithms.,,,,,"In Proceedings of IJCAI-89,",Morgan Kaufmann.,,"Dtroit, MI,",,,,,"pages 794-799,",,,
584,"Aha, D.W., Kibler E., Albert M.K.:",(1991),Instance-based learning algorithms.,,,,,,,,,,,"Machine Learning,","6,",37-66.,,,
587,"D. Aha, D. Kibler, and M. Albert.",1991.,Instance-based learning algorithms.,,,,,,,,,,,"Machine Learning,",6,"37-66,",,,
590,"Aha, D. W., D. Kibler, and M. K. Albert,",1991.,"``Instance Based Learning Algorithms,''",,,,,,,,,,,"Machine Learning,","Vol 6,","pp. 37-66,",,,
599,"Aha, D. W., Kibler, D., & Albert, M.",(1991).,Instance-based learning algorithms.,,,,,,,,,,,"Machine Learning,",6 (1).,,,,
602,"Aha, D. W., Kibler, D., & Albert, M.",(1991).,`Instance-based learning algorithms'.,,,,,,,,,,,"Machine Learning,","7,",37-66.,,,
605,"Aha, D. W., Kibler, D., & Albert, M. K.",(1991).,Instance-Based Learning Algorithms.,,,,,,,,,,,"Machine Learning,","6,",37-66.,,,
608,"Aha, D. W., Kibler, D., & Albert, M. K.",(1991).,Instance-based learning algorithms.,,,,,,,,,,,"Machine Learning,","6,",37-66.,,,
611,"Aha, D. W., Kibler, D., & Albert, M. K.",(1991).,Instance-based learning algorithms.,,,,,,,,,,,"Machine Learning,","6,",37-66.,,,
614,"Aha, D. W., Kibler, D., & Albert, M. K.",(1991).,Instance-based learning algorithms.,,,,,,,,,,,"Machine Learning,","6,",37-66.,,,
617,"Aha, D. W., Kibler, D., & Albert, M. K.",(1991).,Instance-based learning algorithms.,,,,,,,,,,,"Machine Learning,","6,",37-66.,,,
620,"Aha, D. W., Kibler, D., & Albert, M. K.",(1991).,Instance-based learning algorithms.,,,,,,,,,,,"Machine Learning,","6,",37-66.,,,
623,"Aha, D. W., Kibler, D., & Albert, M. K.",(1991).,Instance-based learning algorithms.,,,,,,,,,,,"Machine Learning,","6,",37-66.,,,
626,"Aha, D. W., Kibler, D., & Albert, M. K.",(1991).,Instance-based learning algorithms.,,,,,,,,,,,"Machine Learning,","6,",37-66.,,,
629,"Aha, D. W., Kibler, D., & Albert, M. K.",(1991).,Instance-based learning algorithms.,,,,,,,,,,,"Machine Learning,","6,",37-66.,,,
632,"Aha, D. W., Kibler, D., and Albert, M. K.",(1991).,Instance-Based Learning Algorithms.,,,,,,,,,,,Machine Learning,"6,",37-66.,,,
635,"Aha, D., Kibler D., and Albert, M.K",(1991).,Instance-Based Learning.,,,,,,,,,,,Machine Learning,"6(1),",pp.37-66.,,,
638,"Aha, D., Kibler, D. & Albert, M.",1991.,Instance-Based Learning Algorithms.,,,,,,,,,,,Machine Learning,"6,",37-66.,,,
641,"Aha, D., Kibler, D., & Albert, M.",(1991).,Instance-Based Learning Algorithms.,,,,,,,,,,,Machine Learning,6 (1):,pp. 37-66.,,,
644,"Aha, D., Kibler, D., & Albert, M.",(1991).,Instance-Based Learning Algorithms.,,,,,,,,,,,"Machine Learning,","6(1),",37-66.,,,
647,"Aha, D., Kibler, D., and Albert, M.",(1991).,Instance-Based Learning Algorithms.,,,,,,,,,,,Machine Learning,"6,",37-66.,,,
650,"Aha, D.W., D. Kibler & Albert M.K.","(1991),","Instance-Based Learning Algorithms,",,,,,,,,,,,"Machine Learning,","6,",pp. 37-66.,,,
653,"Aha, D.W., Kibler, D., & Albert, M.K.",(1991).,"Instance-based learning algorithms,",,,,,,,,,,,"Machine Learning,","6,",37-66.,,,
656,"Aha, David W., Dennis Kibler, Albert Marc K.",(1991).,Instance-Based Learning Algorithms.,,,,,,,,,,,"Machine Learning,","6,",pp. 37-66.,,,
659,"Aha, David W., Dennis Kibler, Marc K. Albert,",(1991).,"Instance-Based Learning Algorithms,",,,,,,,,,,,"Machine Learning,","vol.6,",pp. 37-66.,,,
662,"Aha, David W., Dennis Kibler, and Marc K. Albert,",(1991).,Instance-Based Learning Algorithms.,,,,,,,,,,,"Machine Learning,",Vol.6,pp. 37-66.,,,
665,"D. Aha, D. Kibler, and M. Albert.",1991.,Instance-based Learning Algorithms.,,,,,,,,,,,"Machine Learning,","Vol. 6,",pp. 37-66.,,,
674,"Aha, D.W., Kibler, D., and Albert,","1991,",M.K. Instance-Based Learning Algorithms.,,,,,,,,,,,"Machine Learning,","6,",37-66.,,,
677,"Aha, D.W., Kibler, D., and Albert, M.K.",(1991).,Instance-Based Learning Algorithms.,,,,,,,,,,,"Machine Learning,","6,",37-66.,,,
686,"Aha, David W., Dennis Kibler, Marc K. Albert,",(1991).,"Instance-Based Learning Algorithms,",,,,,,,,,,,"Machine Learning,","vol. 6,",pp. 37-66.,,,
689,"D. Aha, D. Kibler, and M. Albert.",1991.,Instance-based learning algorithms.,,,,,,,,,,,"Machine Learning,",6,"37-66,",,,
692,"Aha, David W., Dennis Kibler, Marc K. Albert,",(1991).,"Instance-Based Learning Algorithms,",,,,,,,,,,,"Machine Learning,","vol. 6,",pp. 37-66.,,,
695,"Aha, D.W., Kibler, D., and Albert, M.K.",(1991).,Instance-Based Learning Algorithms.,,,,,,,,,,,"Machine Learning,","6,",37-66.,,,
698,"David W. Aha, Dennis Kibler, and Marc K. Albert.",1991.,Instance-based learning algorithms.,,,,,,,,,,,"Machine Learning,","6(1),",,,,
701,"Aha, D. W., Kibler, D., & Albert, M.",(1991).,`Instance-based learning algorithms'.,,,,,,,,,,,"Machine Learning,","7,",37-66.,,,
708,"J. S. Conery, D. F. Kibler,",1981.,"Parallel Interpretation of Logic Programs,",,,,,"Proc. ACM Symp. Functional Programming and Computer Architecture,",,,,f14g,,,,,,,
712,"Datta, P. and Kibler, D.",(1992).,Utilizing prior concepts for learning.,,,,,In Proceedings of the ML92 Workshop on Biases in Inductive Learning.,,,,,,,14.,,,,
716,"Datta, P. and Kibler, D.",(1995).,Learning Prototypical Concept Descriptions.,,,,,In Proceedings of the Twelfth International Conference on Machine 15 Learning.,Morgan Kaufmann.,,"Tahoe City, CA.",,,,,,,,
719,"Datta, P., & Kibler, D.",(1995).,Learning prototypical concept descriptions.,,,,,Proc. Twelfth International Conference on Machine Learning,Morgan Kaufmann.,,"Tahoe City, CA:",,,,,(pp. 158-166).,,,
725,Steven Hampson and Dennis Kibler.,1993.,Plateaus and plateau search in boolean satisfi-ability problems: When to give up searching and start again.,,,,,"Workshop Notes: 2nd DIMACS Challenge,",,,,,,,,,,,
728,S. Hampson and D. Kibler.,1995.,Plateaus and plateau search in boolean satisfiability problems: When to give up searching and start again.,,,,,DIMACS Challenge,,,,,Available by http://www.ics.uci.edu/~kibler/.,,,,,,
732,"Kelly, J. D. & Davis, L.",(1991).,A Hybrid Genetic Algorithm for Classification.,,,,,"In Proceedings of The Twelfth International Joint Conference on Artificial Intelligence,",Morgan Kaufmann.,,Sydney:,,,,,645-650.,,,
733,"Kibler, D.",,"(1978) Power, Efficiency, and Correctness of Transformation Systems . Ph.D.",,"University of California, Irvine.",,,,,,,,,,,,Thesis.,,
740,"Kibler D. & Langley, P.",1988.,Machine Learning as an Experimental Science.,,,,,"In Proc. of the Third European Working Session on Learning,",,,"Glasgow, UK.",,,,,"81-92,",,,
746,"Kibler, D. & Langley, P.",(1988).,Machine Learning as an Experimental Science.,,,,,Proceedings of the Third European Session on Machine Learning.,Pitman.,,"London, UK:",,,,,,,,
749,"Kibler, D. & Langley, P.",(1988).,Machine learning as an experimental science.,,,,,"In Proceedings of the Third European Working Session on Learning,",Pitman.,,"Glasgow, Scotland.",,,,,,,,
753,"Kibler, D., & Langley, P.",(1988).,Machine learning as an experimental science.,,,,,In Proceedings of the Third European Working Session on Learning,Pitman.,,"Glasgow, Scotland:",,,,,(pp. 81-92).,,,
756,"Kibler, D., & Langley, P.",(1988).,Machine learning as an experimental science.,,,,,"In Proceedings of the Third European Working Session on Learning,",,,"Edinburgh, UK.",,,,,"pp. 1-12,",,,
759,"Kibler, D., & Langley, P.",(1988).,Machine learning as an experimental science.,,,,,Proceedings of the Third Euro-pean Working Session on Learning,,,Glas-gow: Pittman.,,"Reprinted in J. W. Shavlik & T. G. Di-etterich (Eds.), Readings in Machine Learning. Mor-gan Kaufmann.",,,(pp. 81-92).,,,
762,"Kibler, D., & Langley, P.",(1988).,Machine learning as an experimental science.,,,,,Proceedings of the Third European Working Session on Learning,,,Glasgow: Pittman.,,,,,(pp. 81-92).,,,
765,"Kibler, D., & Langley, P.",(1988).,Machine learning as an experimental science.,,,,,Proceedings of the Third European Working Session on Learning,,,Glasgow: Pittman.,,,,,(pp. 81-92).,,,
768,Dennis Kibler and Pat Langley.,(1989),Machine Learning As An Experimental Science.,,,,,Pro ceedings Of the Third Working Session On Learning,,,,,,,,,,,
771,D. Kibler & P. Langley.,(1989),Machine Learning As An Experimental Science.,,,,,Proc. 3rd Working Session On Learning,,,,,,,,,,,
778,"Kibler, D., & Aha, D. W.",(1988).,Comparing instance-averaging with instance-filtering learning algorithms.,,,,,In Proceedings of the Third European Working Session on Learning,Pitman.,,"Glasgow, Scotland:",,,,,(pp. 63-80).,,,
784,"Kibler, D. Aha, D. W. & Albert, M.",(1989).,Instance-based prediction of real-valued attributes.,,,,,,,,,,,"Computational Intelligence,","5,",51-57,,,
793,"Norvig, P.",(1992).,Paradigms of Artificial Intelligence Programming: Case Studies in Common Lisp.,,,,,,"Morgan Kaufmann,",,"San Mateo, CA.",,,,,,,,
796,"Pazzani, M., & Kibler, D.",(1990).,The utility of knowledge in inductive learning,,"University of California,",,,,,,"Irvine,",,,,,,(Technical Report 90-18).,,
799,"M. Pazzani & D. Kibler,","1992,","The Utility of Knowledge in Inductive Learning,",,,,,,,,,,,"Machine Learning ,","9,",57-94.,,,
802,"Pazzani, M. & Kibler, D.",(1992).,The utility of knowledge in inductive learning.,,,,,,Kluwer Academic Publishers.,,"Boston, MA:",,,Machine Learning,v. 9,1.,,,
805,"Pazzani, M. J., & Kibler, D.",(1992).,The utility of knowledge in inductive learning.,,,,,,,,,,,"Machine Learning,","9,",57-94.,,,
808,"Pazzani, M., & Kibler, D.",(1992).,The utility of background knowledge in inductive learning.,,,,,,,,,,,"Machine Learning,","9,",57-94.,,,
811,"Pazzani, M., & Kibler, D.",(1992).,The utility of background knowledge in inductive learning.,,,,,,,,,,,"Machine Learning,","9,",57-94.,,,
814,"Pazzani, M., & Kibler, D.",(1992).,The utility of knowledge in inductive learning.,,,,,,,,,,,"Machine Learning,","9 (1),",57-94.,,,
817,"Pazzani, M., & Kibler, D.",(1992).,The utility of knowledge in inductive learning.,,,,,,,,,,,"Machine Learning,",9 (1).,,,,
820,"Pazzani, M., & Kibler, D.",(1992).,The utility of knowledge in inductive learning.,,,,,,,,,,,"Machine Learning,","9,",57-94.,,,
823,"Pazzani, M., & Kibler, D.",(1992).,The utility of knowledge in inductive learning.,,,,,,,,,,,"Machine Learning,","9,",57-94.,,,
826,"Pazzani, M., & Kibler, D.",(1992).,The utility of knowledge in inductive learning.,,,,,,,,,,,"Machine Learning,","9,",57-94.,,,
829,"Pazzani, M., & Kibler, D.",(1992).,The utility of knowledge in inductive learning.,,,,,,,,,,,"Machine Learning,","9,",57-94.,,,
832,"Pazzani, M., & Kibler, D.",(1992).,The utility of knowledge in inductive learning.,,,,,,,,,,,"Machine Learning,","9,",57-94.,,,
835,"Pazzani, M., & Kibler, D.",(1992).,The utility of knowledge in inductive learning.,,,,,,,,,,,"Machine Learning,","9,",57-94.,,,
838,"Pazzani, Michael and Kibler, Dennis 1992.",,The utility of knowledge in inductive learning.,,,,,,,,,,,Machine Learning 9(1).,,,,,
841,M. Pazzani and D. Kibler.,1992.,The utility of knowledge in inductive learning.,,,,,,,,,,,"Machine Learning,",9,":57-94,",,,
844,Michael Pazzani and Dennis Kibler.,1992.,The utility of knowledge in inductive learning.,,,,,,,,,,,"Machine Learning,",(9),":57-94,",,,
847,Michael Pazzani and Dennis Kibler.,1992.,The utility of knowledge in inductive learning.,,,,,,,,,,,"Machine Learning Journal,",,,,,
853,"Porter, B. W., & Kibler, D. F.",(1986).,Experimental goal regression: A method for learning problem-solving.,,,,,,,,,,,"Machine Learning,","1 (3),",249-285.,,,
858,"Ruby, D., & Kibler, D.",(1991).,Learning subgoal sequences for planning.,,,,,In Proceedings of AAAI-91.,AAAI Press.,,,,,,,,,,
861,"Ruby, D., Kibler, D.",(1991).,SteppingStone: An empirical and analytical evaluation.,,,,,Proceedings of the Ninth National Conference on Artificial Intelligence.,Morgan Kaufmann.,,"Los Altos, CA:",,,,,,,,
865,David Ruby and Dennis Kibler.,1992.,Learning episodes for optimization.,,,,,"In Machine Learning : proceedings of the Ninth International Workshop (ML92),",,,,,,,,"pages 379-384,",,,
868,"T. A. Standish, D. C. Harriman, D. F. Kibler, and J. M. Neighbors,",1976.,"The Irvine Program Transformation Catalogue,",,"Department of Information and Computer Science, University of California, Irvine,",,,,,,,January,,,,,,,
870,"Townsend-Weber, T., & Kibler, D.",(1994).,Instance-based prediction of continuous values.,,,,,Proceedings of the 1994 AAAI Workshop on Case-Based Reasoning,AAAI.,,"Seattle, WA:",,,,,(pp. 30-35).,,,
873,"Townsend-Weber, T., & Kibler, D.",(1994).,Instance-based prediction of continuous values.,,,,,Working Notes of the AAAI94 Workshop on Case-Based Reasoning,AAAI Press.,,"Seattle, WA:",,,,,pp.30-35.,,,
876,"Townsend-Weber, T., & Kibler, D.",(1994).,Instance-based prediction of continuous values.,,,,,Working Notes of the AAAI94 Workshop on Case-Based Reasoning,AAAI Press.,,"Seattle, WA:",,,,,pp. 30-35,,,
879,"Townsend-Weber, T., & Kibler, D.",(1994).,Instance-based prediction of continuous values.,,,,"In D. W. Aha (Ed.),",Case-Based Reasoning: Papers from the 1994 Workshop,AAAI Press.,,"Menlo Park, CA:",,,,,,(Technical Report WS-94-01).,,
882,"Aha, D. and Kibler, D.",1987.,Learning Representative Exemplars of Concepts: An Initial Case Study.,,,,,"In Proceedings of the Fourth International Conference on Machine Learning,",Morgan Kaufmann.,,"U. C. Irvine, CA,",,,,,"pages 24-30,",,,
885,Dennis Kibler and David W. Aha.,1987.,"Learning representative exemplars of concepts: an initial case study. In P. Langley, editor,",,,,,"Proc. 4th International Workshop on Machine Learning,","Kaufmann,",,"Ca,",,,,,,,,
887,"D. Kibler and D. W. Aha,",1988,"Comparing Instance Averaging and Instance Filtering Learning Algorithms,",,,,,"Proceedings of 3rd European Working Session on Learning,","Pitman,",,,,,,,,,,
891,"D. Aha, D. Kibler, and M. Albert.",1991.,Instance-Based Learning Algorithms.,,,,,,,,,,,"Machine Learning,",6(1),"37-66,",,,
894,"D. W. Aha, D. Kibler, and M. K. Albert.",1991.,Instance-based learning algorithms.,,,,,,,,,,,"Machine Learning,",6,"37-66,",,,
897,"Aha, D. W., D. Kibler, and M. Albert.",1991.,Instance-based learning algorithms.,,,,,,,,,,,"Machine Learning,",7,37-66.,,,
900,"Aha, D. W., Kibler, D. & Albert, M. K.",(1991).,Instance-Based Learning Algorithms.,,,,,,,,,,,"Machine Learning,",6,37-66.,,,
903,"Aha, D. W., Kibler, D., and Albert, M. K.",(1991).,Instance-based learning algorithms.,,,,,,,,,,,"Machine Learning,",6,37-66.,,,
906,"Aha, D. W., Kibler, D., and Albert, M. K.",(1991).,Instance-based learning algorithms.,,,,,,,,,,,"Machine Learning,",6(1),37-66.,,,
909,"Aha, D. W., Kibler, D., and Albert, M. K.",1991.,Instance-based learning algorithms.,,,,,,,,,,,"Machine Learning,",6(1),37-66.,,,
912,"Aha, D. W.; Kibler, D.; and Albert, M. K.",1991.,Instance-based learning algorithms.,,,,,,,,,,,Machine Learning,6,37-66.,,,
915,"Aha, D. W.; Kibler, D.; and Albert, M. K.",1991.,Instance-based learning algorithms.,,,,,,,,,,,Machine Learning,6,37-66.,,,
918,"Aha, D. W.; Kibler, D.; and Albert, M. K.",1991.,Instance-based learning algorithms.,,,,,,,,,,,Machine Learning,6(1),37-66.,,,
921,"Aha, D., Kibler, D. and Albert, M.",1991.,Instance-Based Learning Algorithms.,,,,,,,,,,,Machine Learning,6,37-66.,,,
924,"Aha, D., Kibler, D., & Albert, M.",(1991).,Instance-based learning algorithms.,,,,,,,,,,,"Machine Learning,",6,37-66.,,,
927,"Aha, D., Kibler, D., and Albert, M.",(1991),Instance-Based Learning Algorithms.,,,,,,,,,,,"Machine Learning,",6,37-66.,,,
930,"Aha, D., Kibler, D., and Albert, M.",(1991).,Instance-based learning algorithms.,,,,,,,,,,,"Machine Learning,",7,37-66.,,,
933,"Aha, D.W., Kibler, D., & Albert, M.K.",(1991),"Instance-based learning algorithms,",,,,,,,,,,,"Machine Learning,",6,37-66.,,,
936,"D. W. Aha, D. Kibler & M. K. Albert.",,(1991) Instance-based learning algorithms.,,,,,,,,,,,Machine Learning,6(1),37-66.,,,
939,"Aha, D., Kibler, D., and Albert, M.",(1991),Instance-based learning algorithms.,,,,,,,,,,,"Machine Learning,",6:,37-66.,,,
942,"D Aha, D Kibler, and M Albert.",1991.,Instance-based learning algorithms.,,,,,,,,,,,"Machine Learning,",6,"37-66,",,,
945,"D. Aha, D. Kibler, and M. Albert.",1991.,Instance-based learning algorithms.,,,,,,,,,,,"Machine Learning,",6(1),"37-66,",,,
948,"D. W. Aha, D. Kibler, and M. K. Albert.",1991.,Instance-based learning algorithms.,,,,,,,,,,,"Machine Learning,",6,"37-66,",,,
951,"D. W. Aha, D. Kibler, and M. K. Albert.",1991.,Instance-based learning algorithms.,,,,,,,,,,,"Machine Learning,",6,"37-66,",,,
954,"D. W. Aha, D. Kibler, and M. K. Albert.",1991.,Instance-based learning algorithms.,,,,,,,,,,,"Machine Learning,",6(1),"37-66,",,,
957,"D.W. Aha, D. Kibler, and M.K. Albert.",1991.,Instance-based learning algorithms.,,,,,,,,,January,,"Machine Learning,",6,"37-66,",,,
960,"David W. Aha, Dennis Kibler, and Marc K. Albert.",1991.,Instance-based learning algorithms.,,,,,,,,,January,,"Machine Learning,",6(1),"37-66,",,,
963,"D. W. Aha, D. Kibler, and M. Albert.",1991.,Instance-based learning algorithms.,,,,,,,,,,,"Machine Learning,",6:,"37 -66,",,,
966,"D. W. Aha, D. Kibler, and M. K. Albert.",1991.,Instance-based learning algorithms.,,,,,,,,,,,"Machine Learning,",6,"37-66,",,,
970,"D. W. Aha, D. Kibler, and M. K. Albert.",1991.,Instance-based learning algorithms.,,,,,,,,,,,"Machine Learning,",6(1),"37-66,",,,
973,"D. W. Aha, D. Kibler, and M. K. Albert.",1991.,Instance-based learning algorithms.,,,,,,,,,,,"Machine Learning,",6(1),"37-66,",,,
976,"D W Aha, D Kibler, and M K Albert.",1991.,Instance-based learning algorithms.,,,,,,,,,,,"Machine Learning,",6,"37-66,",,,
979,"D. W. Aha, D. Kibler, and M. K. Albert.",1991.,Instance-based learning algorithms.,,,,,,,,,,,"Machine Learning,",6(1),"37-66,",,,
982,"D. W. Aha, D. Kibler, and M. K. Albert.",1991.,Instance-based learning algorithms.,,,,,,,,,,,"Machine Learning,",6(1),"37-66,",,,
985,"David W. Aha, Dennis Kibler, and Marc K. Albert.",1991.,Instance-based learning algorithms.,,,,,,,,,,,"Machine Learning,",6,"37-66,",,,
988,"Aha, D., Kibler, D., and Albert, M.",1991.,Instance-Based Learning Algorithms.,,,,,,,,,,,"Machine Learning,",6(1),"37-66,",,,
991,"D. Aha, D. Kibler and M. Albert.",1991.,Instance-Based Learning Algorithms.,,,,,,,,,,,"Machine Learning,","6,","37-66,",,,
994,"D. W. Aha, D. Kibler, and M. K. Al-bert.",1991.,Instance-based learning algorithms.,,,,,,,,,,,"Machine Learning,",6,"37-66,",,,
997,"D. W. Aha, D. Kibler, and M. K. Albert.",1991.,Instance-based learning algorithms.,,,,,,,,,,,"Machine Learning,",6,"37-66,",,,
1000,"David W. Aha, Dennis Kibler, and Mark K. Albert.",1991.,Instance-based learning algorithms.,,,,,,,,,,,"Machine Learning,",6,"37-66,",,,
1003,"D.W. Aha, D. Kibler, and M.K. Albert,",,Instance-based learning algorithms.,,,,,,,,,,,"Machine Learning,","6,",37-66.,,,
1011,"Aha DW, Kibler D, Albert MK.",1991;,"Instance-based Learning Methods,",,,,,,,,,,,Machine Learning,6:,37-66.,,,
1012,D. Kibler and P. Morris.,1981.,Don't be stupid.,,,,,"In Proceedings of the Seventh International Joint Conference on Artificial Intelligence,",,,,,,,,"pages 345-347,",,,
1018,Dennis Kibler and David W. Aha.,1987.,Learning representative exemplars of concepts: An initial case study.,,,,,"In Proceedings of the 4 th International Workshop on Machine Learning,",,,"Irvine, CA,",,,,,,,,
1019,"Kibler, D. and Langley, P.,",1988.,Machine Learning as an Experimental Science.,,,,"editor,In Sleeman, D.,",,"Turing Institute, Pitman.",,"Glasgow, UK.",October,,,,"pages 81-92,",,,
1020,"Kibler, D., and Langley, P.",(1988).,Machine learning as an experimental science.,,,,,,,,,,,"Machine Learning,","3(1),",5-8.,,,
1025,"Kibler, D., Aha, D. W., and Albert, M.",(1989).,Instance-based prediction of real-valued attributes.,,,,,,,,,,,"Computational Intelligence,",5,51-57.,,,
1028,"D. Kibler, D. W. Aha, and M. K. Albert.",1989.,Instance-Based Prediction of Real-Valued Attributes.,,,,,,,,,,,"Computational Intelligence,",5,"51-57,",,,
1031,D. Kibler and D. W. Aha.,1989.,Instance-based prediction of real-valued attributes.,,,,,,,,,,,"Computational Intelligence,",5(2),"51-57,",,,
1032,"Pazzani, M. & Kibler, D.",,The Utility of Knowledge in Inductive Learning.,,,,,,,,,,,Machine Learning,"9(1),",57-94.,,,
1035,Michael Pazzani and Dennis Kibler.,1992.,The role of prior knowledge in inductive learning.,,,,,,,,,,,"Machine Learning,",9,"57-94,",,,
1041,Pazzani M. and Kibler D.,1991.,The utility of knowledge in inductive learning.,,,,,,,,,,,"Machine Learning,",9(1),"57-94,",,,
1044,Pazzani M. and Kibler D.,1991.,The utility of knowledge in inductive learning.,,,,,,,,,,,"Machine Learning,",9(1),"57-94,",,,
1049,"Ourston, D. & Mooney, R.",(1994).,Theory refinement combining analytical and empirical methods.,,,,,,,,,,,"Artificial Intelligence,",66(2),273-309.,,,
1050,M. Pazzani and D. Kibler.,1992.,The utility of background knowledge in inductive learning.,,,,,,,,,,,"Machine Learning,",9,"57-94,",,,
1053,M. Pazzani and D. Kibler.,1992.,The utility of background knowledge in inductive learning.,,,,,,,,,,,"Machine Learning,",9,"57-94,",,,
1056,"Pazzani, M. & Kibler, D.",(1992).,The utility of knowledge in inductive learning.,,,,,,,,,,,"Machine Learning,",9,57-94.,,,
1059,"Pazzani, M. & Kibler, D.",(1992).,The utility of knowledge in inductive learning.,,,,,,,,,,,"Machine Learning,",9,57-94.,,,
1062,"Pazzani, M. & Kibler, D.",(1992).,The utility of knowledge in inductive learning.,,,,,,,,,,,"Machine Learning,",9(1),57-94.,,,
1065,"Pazzani, M. & Kibler, D.",(1992).,The utility of knowledge in inductive learning.,,,,,,,,,,,"Machine Learning,",9(1),57-94.,,,
1068,"Pazzani, M. and Kibler, D.",(1992).,The utility of knowledge in inductive learning.,,,,,,,,,,,"Machine Learning,",9,57-94.,,,
1071,"Pazzani, M. and Kibler, D.,",1992.,"The Utility of Knowledge in Inductive Learning,",,,,,,,,,,,"Machine Learning,",9(1),,,,
1074,"Pazzani, M., & Kibler, D.",(1992).,The Utility of Knowledge in Inductive Learning.,,,,,,,,,,,"Machine Learning,","9:1,",57-94.,,,
1077,"Pazzani, M., and Kibler, D.",(1992).,The utility of background knowledge in inductive learning.,,,,,,,,,,,"Machine Learning,",9,57-94.,,,
1080,"Pazzani, M., and Kibler, D.",1992.,The utility of background knowledge in inductive learning.,,,,,,,,,,,Machine Learning,9,57-94.,,,
1083,"Pazzani, M., and Kibler, D.",1992.,The utility of background knowledge in inductive learning.,,,,,,,,,,,Machine Learning,9,57-94.,,,
1086,"Pazzani, M., and Kibler, D.",1992.,The utility of knowledge in inductive learning.,,,,,,,,,,,Machine Learning,9,57-94.,,,
1089,M. Pazzani and D. Kibler.,1992.,The utility of background knowledge in inductive learning.,,,,,,,,,,,"Machine Learning,",9,"57-94,",,,
1092,M. Pazzani and D. Kibler.,1992.,The utility of knowledge in inductive learning.,,,,,,,,,,,"Machine Learning,",9(1),"57-94,",,,
1095,M. Pazzani and D. Kibler.,1992.,The utility of prior knowledge in inductive learning.,,,,,,,,,,,"Machine Learning,",9,"54-97,",,,
1098,Micheal J. Pazzani and Dennis Kibler.,1992.,The role of prior knowledge in inductive learning.,,,,,,,,,,,"Machine Learning,",9,"54-97,",,,
1101,Micheal J. Pazzani and Dennis Kibler.,1992.,The role of prior knowledge in inductive learning.,,,,,,,,,,,"Machine Learning,",9,"54-97,",,,
1107,M. Pazzani and D. Kibler.,1992.,The utility of knowledge in inductive learning.,,,,,,,,,,,"Machine Learning,",9,"57-94,",,,
1120,"Ruby, D., & Kibler, D.",(1991).,SteppingStone: An empirical and analytical evaluation.,,,,,"Proceedings, Ninth National Conference on Artificial Intelligence.",AAAI Press.,,"San Mateo, CA:",,,,,,,,
1122,D. Ruby and D. Kibler.,1991.,Learning subgoal sequences for planning.,,,,,In Proceedings of AAAI-91.,"AAAI Press,",,,,,,,,,,
1125,"Brodley, C. E. & Utgoff, P. E.","(1992),","Multivariate versus univariate decision trees,",,"Department of Computer Science, University of Massachusetts,",,,,,,"Amherst, MA,",,,,,,"Technical Report COINS TR 92-8,",,
1128,"Brodley, C. E. and Utgoff, P. E.",(1992).,"Multivariate versus univariate decision trees,",,"Department of Computer Science, University of Massachusetts,",,,,,,"Amherst, MA.",,,,,,"Technical Report 92-8,",,
1131,"Brodley, C. E., & Utgoff, P. E.",(1992).,"Multivariate versus univariate decision trees,",,"University of Massachusetts, Department of Computer and Information Science.",,,,,,"Amherst, MA:",,,,,,"(Coins Technical Report 92-8),",,
1134,"Brodley, C. E., & Utgoff, P. E.",(1992).,Multivariate versus univariate decision trees.,,"Dept. of Computer Science, University of Massachusetts at Amherst.",,,,,,,,,,,,"Tech. rep. COINS CR 92-8,",,
1137,"Brodley, C. E., & Utgoff, P. E.",(1992).,Multivariate versus univariate decision trees.,,"Dept. of Computer Science, University of Massachusetts at Amherst.",,,,,,,,,,,,"Tech. rep. COINS CR 92-8,",,
1140,"Brodley, C. E., and Utgoff, P. E.",1992.,Multivariate Versus Univariate Decision Trees.,,"Dept. of Computer Science, Univ. of Mass.",,,,,,,,,,,,"COINS Technical Report 92-8,",,
1143,"Brodley, C. E., and Utgoff, P. E.",1992.,Multivariate Versus Univariate Decision Trees.,,"Dept. of Computer Science,",,,,,,U. Mass.,,,,,,"COINS Technical Report 92-8,",,
1146,Carla E. Brodley and Paul E. Utgoff.,1992.,Multivariate versus univariate decision trees.,,"Dept. of Computer Science, University of Massachusetts,",,,,,,"Amherst, MA,",January,,,,,"Technical Report COINS-CR-92-8,",,
1149,Carla E. Brodley and Paul E. Utgoff.,1992.,Multivariate versus univariate decision trees.,,"Dept. of Computer Science, University of Massachusetts,",,,,,,"Amherst, MA,",January,,,,,"Technical Report COINS-CR-92-8,",,
1152,Carla E. Brodley and Paul E. Utgoff.,1992.,Multivariate versus univariate decision trees.,,"Dept. of Computer Science, University of Massachusetts,",,,,,,"Amherst, MA,",January,,,,,"Technical Report COINS-CR-92-8,",,
1156,C. E. Brodley and P. E. Utgoff.,1992.,Multivariate decision trees.,,"University of Massachussets,",,,,,,"Amherst, Massachusetts,",,To appear in Machine Learning.,,,,"COINS Technical Report 92-83,",,
1159,C.E. Brodley and P.E. Utgoff.,1992.,Multivariate versus univariate decision trees.,,"Department of Computer Science,",,,,,,"University of Massachussetts,",,,,,,"TR 8,",,
1161,Carla E. Brodley and Paul Utgoff.,1992.,Multivariate decision trees.,,"University of Massachusetts,",,,,,,"Amherst,",,,,,,"Technical Report MASSCS 92-93,",,
1164,"C.E. Brodley and P.E. Utgoff,",,Multivariate versus univariate decision trees.,,"Department of Computer Science,",,,,,,"University of Massachusetts, Amherst, MA.",,,,,,"COINS Technical Report 92-8,",,
1169,C. E. Brodley and P. E. Utgoff.,1994.,Goal-directed Classification Using Linear Machine Decision Trees.,,,,,,,,,,,"Machine Learning,",,,,,
1175,"Brodley, C. E. and Utgoff, P. E.",(1995).,"Multivariate decision trees,",,,,,,,,,,,Machine Learning,19:,45-77.,,,
1178,"Brodley, C. E., & Utgoff, P. E.",,(in press). Multivariate decision trees.,,,,,,,,,,,Machine Learning.,,,,,
1181,"Brodley, C. E., & Utgoff, P. E.",(1994).,Multivariate decision trees.,,,,,,,,,,,"Machine Learning,",,,,,
1184,"Brodley, C. E., & Utgoff, P. E.",(1994).,Multivariate decision trees.,,,,,,,,,,,"Machine Learning,",,,,,
1187,"Brodley, C. E., Utgoff, P. E.",(1995).,"Multivariate Decision Trees,",,,,,,,,,,,"In Machine Learning,","19,",45-77.,,,
1197,Carla E. Brodley and Paul E. Utgoff.,1995.,Multivariate decision trees.,,,,,,,,,,,"Machine Learning,",19,"45-77,",,,
1200,Carla E. Brodley and Paul E. Utgoff.,1995.,Multivariate decision trees.,,,,,,,,,,,"Machine Learning,",19,"45-77,",,,
1203,Carla E. Brodley and Paul E. Utgoff.,1995.,Multivariate decision trees.,,,,,,,,,,,"Machine Learning,",19,"45-77,",,,
1206,C. E. Brodley and P. E. Utgoff.,1995.,Multivariate decision trees.,,,,,,,,,,,"Machine Learning,",19(1),"45-77,",,,
1212,Carla E. Brodley and Paul E. Utgoff.,1995.,Multivariate decision trees.,,,,,,,,,,,"Machine Learning,",19(1),"45-78,",,,
1217,"Callan, J. and Utgoff, P.",1991.,A Transformational Approach to Constructive Induction.,,,,,"In Proceedings of the Eighth International Workshop on Machine Learning,",Morgan Kauf-mann.,,"Northwestern University, Chicago, IL,",,,,,"pages 122-126,",,,
1220,J. Callan and P. Utgoff.,1991.,A transformational approach to constructive induction.,,,,,"In Proceedings of the Eighth International Workshop on Machine Learning,","Morgan Kaufmann,",,,,,,,pages 122-126.,,,
1224,J. P. Callan and P.E. Utgoff.,1991.,Constructive induction on domain knowledge.,,,,,"In Proceedings of the Ninth National Conference on Artificial Intelligence,",,,,,,,,"pages 614-619,",,,
1228,"Cardie, C.",1993.,Using Decision Trees to Improve Case-Based Learning.,,"University of Mas-sachusetts,",,"in P. Utgoff (Ed.),","Proceedings, Tenth International Conference on Machine Learning.",,,"Amherst, MA.",,,,,,,,
1231,"Cardie, C.",1993.,Using Decision Trees to Improve Case-Based Learning.,,"University of Mas-sachusetts,",,"in P. Utgoff (Ed.),","Proceedings, Tenth International Conference on Machine Learning.",,,"Amherst, MA.",,,,,,,,
1234,"Cardie, C.",1993.,Using Decision Trees to Improve Case-Based Learning.,,"University of Massachusetts,",,"In Utgoff, P., editor,","Proceedings of the Tenth International Conference on Machine Learning,",Morgan Kaufmann.,,"Amherst, MA,",,,,,"pages 25-32,",,,
1238,Richard Caruana.,1993.,Multitask learning: A knowledge-based of source of inductive bias.,,,,"In Paul E. Utgoff, editor,","Proceedings of the Tenth International Conference on Machine Learning,",Morgan Kaufmann.,,"San Mateo, CA,",,,,,"pages 41-48,",,,
1241,Richard Caruana.,1993.,Multitask learning: A knowledge-based of source of inductive bias.,,,,"In Paul E. Utgoff, editor,","Proceedings of the Tenth International Conference on Machine Learning,",Morgan Kaufmann.,,"San Mateo, CA,",,,,18,"pages 41-48,",,,
1244,R. Caruana.,1993.,Multitask learning: A knowledge-based of source of inductive bias.,,,,"In P. E. Utgoff, editor,","Proceedings of the Tenth International Conference on Machine Learning,",Morgan Kaufmann.,,"San Mateo, CA,",,,,,"pages 41-48,",,,
1247,R. Caruana.,1993.,Multitask learning: A knowledge-based of source of inductive bias.,,,,"In P. E. Utgoff, editor,","Proceedings of the Tenth International Conference on Machine Learning,",Morgan Kaufmann.,,"San Mateo, CA,",,,,,"pages 41-48,",,,
1250,"Caruana, R.","1993,",Multitask Learning: A Knowledge-Based of Source of Inductive Bias.,,,,P.E. Utgoff.,"in: Proceedings of the Tenth International Conference on Machine Learning,","Morgan Kaufmann,",,"San Mateo, CA,",,,,,pp. 41-48.,,,
1253,"Caruana, R.","1993,",Multitask Learning: A Knowledge-Based of Source of Inductive Bias.,,,,edited by P. E. Utgoff.,"in: Proceedings of the Tenth International Conference on Machine Learning,","Morgan Kaufmann,",,"San Mateo, CA,",,,,,pp. 41-48.,,,
1257,"Chapman, D.",(1991).,,,,,,"Vision, instruction, and action.","MIT Press,",,"Cambridge, MA",,,,,,,,
1260,"Cleeremans, A., Servan-Schreiber, D., & McClelland, J.",(1989).,Finite state automata and simple recurrent networks.,,,,,,,,,,,"Neural Computation,",1,372-381.,,,
1263,"Clouse, J. A., & Utgoff, P. E.",(1992).,A teaching method for reinforcement learning.,,,,,Proceedings of the Ninth International Conference,Morgan Kaufmann.,,"San Mateo, CA:",,,Machine Learning:,,(pp. 92-101).,,,
1266,"Clouse, J., & Utgoff, P.",1992.,A teaching method for reinforcement learning.,,,,,"Proc. 9th Intl. ML Conf.,",,,,,,,,92-101.,,,
1269,J. Clouse and P. Utgoff.,1992.,A teaching method for reinforcement learning.,,,,,"In Proceedings of the Machine Learning Conference,",,,,,,,,,,,
1272,"Clouse, J.A., & Utgoff, P.E.",(1992).,A teaching method for reinforcement learning.,,,,,"In Proceedings of the Ninth International Conference of Machine Learning,","Morgan Kaufmann,",,"San Mateo, CA,",,,,,92-101.,,,
1275,J.A. Clouse and P.E. Utgoff.,1992.,A teaching method for reinforcement learning.,,,,,"In Machine Learning: Proceedings of teh Ninth International Conference,",Morgan Kaufmann.,,"San Mateo, CA,",,,,,"pages 92-101,",,,
1281,"Connell, M. E., & Utgoff, P. E.",(1987).,Learning to control a dynamic physical system.,,,,,In Proceedings of the Sixth National Conference on Artificial Intelligence,Morgan Kaufmann.,,"Seattle, WA:",,,,,(pp. 456-460).,,,
1284,"Connell, M. E., & Utgoff, P. E.",(1987).,Learning to control a dynamic physical system.,,,,,In Proceedings of the Sixth National Conference on Artificial Intelligence,Morgan Kaufmann.,,"Seattle, WA:",,,,,(pp. 456-460).,,,
1287,M. Connell and P. Utgoff.,1987.,"Learning to control a dynamic physical system,",,,,,"in Proceedings AAAI-87,","American Association for Artificial Intelligence,",,"Seattle,",,,,"Vol. 2,",456-460.,,,
1300,"Draper, B. A., Brodley, C. E. & Utgoff, P. E.","(1994),","`Goal-directed classification using linear machine decision trees',",,,,,,,,,,,IEEE Transactions on Pattern Analysis and Machine Intelligence,"16(9),",888-893.,,,
1303,"B. A. Draper, Carla E. Brodley, and Paul E. Utgoff.",1994.,Goal-directed classification using linear machine decision trees.,,,,,,,,,,,"IEEE Transactions on Pattern Analysis and Machine Intelligence,",16(9):,"888,",,,
1306,"B. A. Draper, Carla E. Brodley, and Paul E. Utgoff.",1994.,Goal-directed classification using linear machine decision trees.,,,,,,,,,,,"IEEE Transactions on Pattern Analysis and Machine Intelligence,",16(9),":888,",,,
1309,"B. A. Draper, Carla E. Brodley, and Paul E. Utgoff.",1994.,Goal-directed classification using linear machine decision trees.,,,,,,,,,,,"IEEE Transactions on Pattern Analysis and Machine Intelligence,",16(9),":888,",,,
1312,"Bruce A. Draper, Carla E. Brodley, and Paul E. Utgoff.",1994.,Goal-Directed Classification using Linear Machine Decision Trees.,,,,,,,,,September,,"IEEE Transactions on Pattern Analysis and Machine Intelligence,",16(9),"888-893,",,,
1317,"Fawcett, T. E., & Utgoff, P. E.",(1991).,A hybrid method for feature generation.,,,,,Machine Learning: Proceedings of the Eighth International Workshop,Morgan Kaufmann.,,"Evanston, IL:",,,,,(pp. 137-141).,,,
1320,"Fawcett, T. and Utgoff, P.",(1991).,A hybrid method for feature generation.,,,,,Proceedings of the Eighth International Workshop on Machine Learning,,,"Evanston, Ill.",,,,,(pp. 137-141).,,,
1329,"T.E. Fawcett and P.E. Utgoff,",,Automatic feature generation for problem solving systems.,,,,,"Proceedings of the Ninth International Workshop on Machine Learning,","Morgan Kaufmann,",,"San Mateo, CA:",,,,,144-153.,,,
1333,"Usama M. Fayyad, Nicholas Weir, and D. Djorgovski. SKICAT:",,A machine learning system for automated cataloging of large scale sky surveys.,,,,Editor: Paul E. Utgoff.,"In ML-93 ,",,,,,,,,pages 112-119.,,,
1336,"Usama M. Fayyad, Nicholas Weir, and D. Djorgovski. SKICAT:",,A machine learning system for automated cataloging of large scale sky surveys.,,,,Editor: Paul E. Utgoff.,"In ML-93 ,",,,,,,,,pages 112-119.,,,
1339,"Usama M. Fayyad, Nicholas Weir, and D. Djorgovski. SKICAT:",,A machine learning system for automated cataloging of large scale sky surveys.,,,,Editor: Paul E. Utgoff.,"In ML-93 ,",,,,,,,,pages 112-119.,,,
1343,Scott B. Huffman and John E. Laird.,1993.,Learning procedures from inter-active natural language instructions.,,,,"In P. Utgoff, editor,","Machine Learning: Proceedings of the Tenth International Conference,",,,,,,,,,,,
1346,Scott B. Huffman and John E. Laird.,1993.,Learning procedures from interactive natural language instructions.,,,,"In P. Utgoff, editor,","Machine Learning: Proceedings of the Tenth International Conference,",,,,,,,,,,,
1357,R. Andrew McCallum.,1993.,Overcoming incomplete perception with utile distinction memory.,,,,"In Paul E. Utgoff, editor,","Proceedings of the Tenth International Conference on Machine Learning,",Morgan Kaufmann.,,"San Mateo, CA,",,,,,"pages 190-196,",,,
1365,"Minton, S., Drummond, M., Bresina, J. L., & Phillips, A. B.",(1992).,Total order vs. partial order planning: Factors influencing performance.,,,,,"In Proceedings of the Third International Conference on Principles of Knowledge Representation and Reasoning,",,,"Cambridge,CA.",,,,,pp. 83-92,,,
1370,"Mitchell, T. M., Utgoff, P., & Banerji, R.",,(1983) Learning by experimentation: Acquiring and refining problem-solving heuristics.,,,,"In R. Michalski, J. Carbonell, & T. Mitchell (Eds.),",Machine leaning: An artificial intelligence approach,M. Kaufmann.,,"San Mateo, CA:",,,,,(pp. 163-190).,,,
1376,"Mitchell, T., Utgoff, P., & Banerji, R.",(1983).,Learning by experimentation: Acquiring and refining problem solving heuristics.,,,,"In Michalski, R., Carbonell, J., & Mitchell, T. (Eds.),",,"Tioga,",,"Palo Alto, CA.",,,"Machine Learning,",,pp. 163-190.,,,
1379,"Mitchell, T., Utgoff, P., & Banerji, R.",(1983).,Learning by experimentation: Acquiring and refining problem solving heuristics.,,,,"In Michalski, R., Carbonell, J., & Mitchell, T. (Eds.),",,"Tioga,",,"Palo Alto, CA.",,,"Machine Learning,",,pp. 163-190.,,,
1382,"Mitchell, T., Utgoff, P., and Banerji, R.",(1984).,Learning by experimentation: Acquiring and refining problem-solving heuristics. In Machine Learning:,,,,,"An Artificial Intelligence Approach, chapter 6,",Springer-Verlag.,,,,,,,pp. 163-190.,,,
1385,"Mitchell, T., Utgoff, T., & Banerji, R.",(1983).,Learning problem solving heuristics by experimentation.,,,,"In Michalski, R., Mitchell, T., & Carbonell, J. (Eds.),",Machine Learning: An Artificial Intelligence Approach.,"Morgan Kaufmann,",,"Palo Alto, CA.",,,,,,,,
1388,"Mitchell, T.M., Utgoff, P.E., and Banerji, R.",1983.,"Learning by Experimentation: Acquiring and Refining Problem-Solving Heuristics, Machine Learning: An Artificial Intelligence Approach,",,,,"Mitchell (eds.), R.S. Michalski, J.G. Carbonell, and T.M.",,"Morgan Kaufman Publishers,",,"San Mateo, CA,",,,,,"pp. 163-189,",,,
1391,"Mitchell, T.M.; Utgoff, P.E.; and Banerji, R.B.",1983.,Learning by experimentation: Acquiring and refining problem-solving heuristics.,,,,,In Machine Learning.,Morgan Kaufmann.,,,,,,,,,,
1397,"Tom M. Mitchell, Paul E. Utgoff, and Ranan Banerji.",1983.,Learning problem solving heuristics by experimentation.,,,,,"In Machine Learning: An Artificial Intelligence Approach,","Morgan Kaufmann,",,"Palo Alto, CA,",,,,,pages 163-190.,,,
1400,"Mitchell, T.; Utgoff, P.; and Banerji, R.",1983.,Learning by experimentation: Acquiring and refining problem-solving heuristics.,,,,"In Michalski, R., and et al., eds.,","Machine learning: An artificial intelligence approach,",Morgan Kaufmann.,,,,,,volume 1.,,,,
1403,"T. Mitchell, T. Utgoff, and R. Banerji.",1983.,Learning problem solving heuristics by experimentation.,,,,"In R. Michalski, T. Mitchell, and J. Carbonell, editors,",Machine Learning: An Artificial Intelligence Approach.,"Morgan Kaufmann,",,"Palo Alto, CA,",,,,,,,,
1406,"T. M. Mitchell, P. E. Utgoff, and R. B. Banerji.",1983.,Learning by experimentation: Acquiring and refining problem-solving heuristics.,,,,"In S. Michalski, Ryszard, G. Carbonell, Jaime, REFERENCES 44 and T. M. Mitchell, editors,",Machine Learning An Artificial Intelligence Approach,"Morgan Kaufmann,",,,,,,(volume I).,,,,
1409,"Mitchell, T. M., Utgoff, P. E. & Banerji, R. B.",(1983).,Learning by experimentation: Acquiring and refining problem-solving heuristics.,,,,"In R.S. Michalski, J.G. Carbonell, & T.M. Mitchell (Eds.),",Machine Learning: An Artificial Intelligence Approach,"Morgan Kaufmann,",,"San Mateo, CA.",,,,"(Vol. I),",,,,
1437,"R. Musick, Jason Catlett, and S. Russell.",,Decision theoretic subsampling for induction on large databases.,,,,Editor: Paul E. Utgoff.,"In ML-93 ,",,,,,,,,pages 212-219.,,,
1440,"R. Musick, Jason Catlett, and S. Russell.",,Decision theoretic subsampling for induction on large databases.,,,,Editor: Paul E. Utgoff.,"In ML-93 ,",,,,,,,,pages 212-219.,,,
1443,"R. Musick, Jason Catlett, and S. Russell.",,Decision theoretic subsampling for induction on large databases.,,,,Editor: Paul E. Utgoff.,"In ML-93 ,",,,,,,,,pages 212-219.,,,
1448,John Ross Quinlan.,,Combining instance-based and model-based learning.,,,,Editor: Paul E. Utgoff.,"In ML-93 ,",,,,,,,,pages 236-243.,,,
1451,John Ross Quinlan.,,Combining instance-based and model-based learning.,,,,Editor: Paul E. Utgoff.,"In ML-93 ,",,,,,,,,pages 236-243.,,,
1454,John Ross Quinlan.,,Combining instance-based and model-based learning.,,,,Editor: Paul E. Utgoff.,"In ML-93 ,",,,,,,,,pages 236-243.,,,
1457,"Quinlan, J. R.",(1993b).,Combining instance-based and model-based learn-ing.,,,,"In Utgoff, P. E., editor,","Proceedings of the 10th International Conference on Machine Learning,",Morgan Kaufmann.,,San Mateo.,,,,,,,,
1460,Harish Ragavan and Larry Rendell.,,Lookahead feature construction for learning hard concepts.,,,,Editor: Paul E. Utgoff.,"In ML-93 ,",,,,,,,,pages 252-259.,,,
1463,Harish Ragavan and Larry Rendell.,,Lookahead feature construction for learning hard concepts.,,,,Editor: Paul E. Utgoff.,"In ML-93 ,",,,,,,,,pages 252-259.,,,
1466,Harish Ragavan and Larry Rendell.,,Lookahead feature construction for learning hard concepts.,,,,Editor: Paul E. Utgoff.,"In ML-93 ,",,,,,,,,pages 252-259.,,,
1471,Ron Rymon.,,An SE-tree based characterization of the induction problem.,,,,Editor: Paul E. Utgoff.,"In ML-93 ,",,,,,,,,pages 268-275.,,,
1474,Ron Rymon.,,An SE-tree based characterization of the induction problem.,,,,Editor: Paul E. Utgoff.,"In ML-93 ,",,,,,,,,pages 268-275.,,,
1477,Ron Rymon.,,An SE-tree based characterization of the induction problem.,,,,Editor: Paul E. Utgoff.,"In ML-93 ,",,,,,,,,pages 268-275.,,,
1479,"Schmill, M. D.; Rosenstein, M. T.; Cohen, P. R.; and Utgoff, P.",1998.,Learning what is relevant to the effects of actions for a mobile robot.,,,,,,,,,,To appear in Proceedings of the Second International Conference on Autonomous Agents.,,,,,,
1487,P. E. Utgoff and T. M. Mitchell.,1982.,Acquisition of Appropriate Bias for Inductive Concept Learning.,,,,,"In Proc. of AAAI-82,",,,"Pittsburgh, PA,",,,,,,,,
1489,Utgoff P. E. Mitchell Tom M. and Banerji R. B.,1982.,Learning by experimentation: Acquiring and refining problem- solving heuristics.,,,,,In Machine Learning.,"Tioga,",,,,,,,,,,
1494,P. E. Utgoff.,1984.,Shift of Bias for Inductive Concept Learning.,,"Rutgers, Laboratory for Computer Science Research,",,,,,,,Oct.,,,,,"PhD thesis,",,
1500,P. Utgoff.,1986.,,,,,,Machine Learning of Inductive Bias.,"Kluwer Academic,",,,,,,,,,,
1503,Paul E. Utgoff.,1986.,,,,,,Machine Learning of Inductive Bias.,"Kluwer Academic Publishers,",,,,,,,,,,
1506,P. E. Utgoff.,1986.,,,,,,Machine Learning of Inductive Bias.,"Kluwer Academic Publishers,",,,,,,,,,,
1509,"Utgoff, P.",(1986).,,,,,,Machine Learning of Inductive Bias.,Kluwer Academic.,,,,"Kluwer International Series in Engineering and Computer Science,",,"Vol.15,",28,,,
1512,P. Utgoff.,1986.,,,,,,Machine Learning of Inductive Bias.,"Kluwer Academic Publishers,",,"Boston, MA,",,,,,,,,
1515,"Utgoff, P. E.",1986.,,,,,,Machine Learning of Inductive Bias.,"Kluwer Academic Publishers,",,,,,,35,,,,
1518,P.E. Utgoff.,1986.,,,,,,Machine Learning of Inductive Bias.,"Kluwer Academic Publishers,",,,,,,,,,,
1528,"Utgoff, P.",(1986).,Shift of bias for inductive concept learning.,,,,"In Michalski, R., Carbonell, J., and Mitchell, T., editors,","Machine Learning II,",Morgan Kaufman.,,,,,,,pages 107-148.,,,
1531,"Utgoff, P.",(1985).,"Shift of Bias For Inductive Concept Learning""",",,,,Eds) in Michalski R.","Carbonell J. & Mitchell T.(""","Machine Learning: An AI Approach,","Morgan Kaufmann),",,"Los Altos, CA:",,,,Vol. II.,pp.107-148.,,,,,
1534,"Utgoff, P.",(1986).,Shift of bias for inductive concept learning.,,,,"In Michalski, R., Carbonell, J., and Mitchell, T., editors,","Machine Learning,","Morgan Kaufmann,",,"Los Altos, CA.",,,,"volume 2,",pages 163-190.,,,
1537,"Utgoff, P.",(1986).,Shift of bias for inductive concept learning.,,,,,"In Machine Learning,","Morgan Kaufmann,",,"Los Altos, CA.",,,,volume 2.,,,,
1540,"Utgoff, P.",(1986).,Shift of bias for inductive concept learning.,,,,,"In Machine Learning,","Morgan Kaufmann,",,"Los Altos, CA.",,,,volume 2.,,,,
1543,"Utgoff, P.",1986.,Shift of bias for inductive concept learning.,,,,"editors In Michalski, R.; Carbonell, J.; and Mitchell, T.,",Machine Learning: An Artificial Intelligence Approach II.,Morgan Kaufmann:,,"Los Altos, CA.",,,,,107-148.,,,
1546,"Utgoff, P. E.",(1986).,Shift of bias for inductive concept learning.,,,,"In Michalski, Carbonell & Mitchell (Eds.),",Machine learning: An artificial intelligence approach.,Morgan Kaufmann.,,"San Mateo, CA:",,,,,,,,
1549,"Utgoff, P. E.",(1986).,Shift of bias for inductive concept learning.,,,,"In Michalski, R., Carbonell, J., & Mitchell, T. (Eds.),","Machine Learning: An Artificial Intelligence Approach,","Morgan Kaufmann,",,"Los Altos, CA.",,,,"Vol. II,",pp. 107-148.,,,
1552,"Utgoff, P. E.",1986.,Shift of Bias for Inductive Concept Learning.,,,,"In R. S. Michalski, J. G.",,,,,,,,,,,,
1555,"Utgoff, P.,",,"Shift of Bias for Inductive Concept Learning,",,,,"Michalski, R.S., Carbonell, J.G., and Mitchell, T. M. (Eds.),",in Machine Learning: An Artificial Intelligence Approach,"Morgan Kaufmann Publishers,",,,,,,"Vol. II,",,,,
1558,"Utgoff, Paul E.",(1986).,Shift of Bias for Inductive Concept Learning.,,,,"In R. T. Michalski, J. Carbonell,",,,,,,,,,,,,
1561,P.E. Utgoff.,1986.,Shift of bias for inductive concept learning.,,,,"In R.S. Michalski, J.G. Carbonell, and T.M. Mitchell, editors,","Machine Learning: An Artificial Intelligence Approach,","Morgan Kaufmann,",,,,,,Volume II.,,,,
1564,"Utgoff, P. E.",1986.,Shift of bias of inductive concept learning.,,,,"In Michalski, R.S.; Carbonell, J.G.; and T.M., Mitchell,","Machine Learning: An Artificial Intelligence Approach,",Morgan Kaufmann Publishers.,,,,,,Vol II.,107-148.,,,
1567,P. E. Utgoff.,1986.,Shift of bias for Inductive Concept Learning.,,,,,In Machine learning,"Morgan Kaufman,",,,,,,II.,,,,
1570,P. Utgoff.,1986.,Shift of bias for inductive concept learning.,,,,,"In Machine Learning: An Artificial Intelligence Approach,","Morgan Kaufmann,",,"San Mateo, CA, USA,",,,,volume III.,,,,
1573,P. Utgoff.,1986.,Shift of bias for inductive concept learning.,,,,,"In Machine Learning,","Morgan Kaufmann,",,"Los Altos, CA,",,,,volume 2.,,,,
1576,P. Utgoff.,1986.,Shift of bias for inductive concept learning.,,,,"In R. Michalski, J. Carbonell, and T. Mitchell, editors,",,"Morgan Kaufmann,",,"Los Altos, CA,",,,"Machine Learning,","volume 2,",pages 163-190.,,,
1579,P E Utgoff.,1986.,Shift of bias for inductive concept learning.,,,,"In R S Michalski, J G Carbonell, and T M Mitchell, editors,",Machine Learning: An Artificial Intelligence Approach,"Morgan Kaufmann,",,,,,,(Volume 2).,,,,
1582,"Utgoff, Paul E.",1986.,Shift of bias for inductive concept learning.,,,,"In Michalski, Ryszard S., Carbonell, Jaime G., and Mitchell, Tom M., editors,",Machine Learning. An Artificial Intelligence Approach.,"Morgan Kaufmann,",,"Los Altos, CA,",,,,"Volume II,",pages 107-148.,,,
1585,"Utgoff, P. E.","1986,",Shift of Bias for Inductive Concept Learning.,,,,"In R. S. Michalski, J. G. Carbonell and T. M. Mitchell, Ed.,","Machine Learning: An Artificial Intelligence Approach,","Morgan Kaufmann,",,"Los Altos, CA,",,,,"Volume II,",pp. 107-148.,,,
1588,P. Utgoff.,1986.,Shift Of Bias For Inductive Concept Learning.,,,,"In R. S. Michalshi, J. G. Carbonell, and T. M. Mitchell, editors,",,"Morgan Kaufman,",,"Los Altos, Ca,",,,"Machine Learning,",,page 107.,,,
1590,"Utgoff, P., and Saxena, S.",1987.,Learning a preference predicate.,,,,,"In Proceedings of the Fourth International Workshop on Machine Learning,",,,,,,,,115-121.,,,
1593,"Utgoff, P.E., and P.S. Heitman.",1988.,Learning and Generalizing Move Selection Preferences.,,,,,"In Proceedings of the AAAI 1988 Spring Symposium Series: Computer Game Playing,",,,"Stanford, California.",,,,,36-40.,,,
1596,"Utgoff, P.",(1988).,ID5R: An incremental ID3.,,,,,Proceedings of the Fifth International Conference on Machine Learning,Morgan Kaufmann.,,"Ann Arbor, Michigan:",,,,27,(pp. 107 - 120).,,,
1599,"Utgoff, P.",1988.,ID5: An Incremental ID3.,,,,,In Proceedings of the Fifth International Conference on Machine Learning.,,,,,,,,107-120.,,,
1602,"Utgoff, P. E.",(1988).,An incremental ID3.,,,,,In Proceedings of the Fifth National Conference on Machine Learning.,,,,,,,,,,,
1605,P. Utgoff. ID5:,1988.,An Incremental ID3.,,,,,"In Proceedings of the Fifth International Conference on Machine Learning,",,,,,,,,"pages 107-120,",,,
1608,P. Utgoff. ID5:,1988.,An incremental ID3.,,,,,"In Proc. 5th Intl. Conf. Mach. Learning,","Morgan Kaufmann,",,,,,,,pages 107-120.,,,
1611,Paul E. Utgoff. ID5:,,An incremental ID3.,,,,"In John E. Laird, editor,","Proceedings of the Fifth International Conference on Machine Learning,",Morgan Kaufman.,,"San Mateo, CA,",,,,,"pages 107-120,",,June 1988.,
1614,"P.E. Utgoff, ID5:",,an incremental ID3.,,,,,"Proceedings of the Fifth International Conference on Machine Learning,","Morgan Kaufmann,",,"San Mateo, CA:",,,,,107-120.,,,
1618,"Utgoff, P. E.",(1988).,Perceptron trees: A case study in hybrid concept representations.,,,,,Proceedings of the Seventh National Conference on Artificial Intelligence,Morgan Kaufmann.,,"St. Paul, MN:",,,,,(pp. 601-606).,,,
1621,"Utgoff, P. E.",(1988b).,Perceptron trees: A case study in hybrid concept representations.,,,,,In Proceedings of the Seventh National Conference on Artificial Intelligence,Morgan Kaufmann.,,"St. Paul, MN:",,,,,(pp. 601-606).,,,
1625,"Utgoff, P. E.",1988.,Perceptron Trees: A Case Study in Hybrid Concept Representation.,,,,,"In A A A I - 8 8 Proceedings of the Seventh National Conference on Artificial Intelligence,",Morgan Kaufmann.,,"San Mateo, CA:",,,,,601-6.,,,
1631,Utgoff P. E.,(1989).,"Incremental Induction of Decision Trees,",,,,,,,,,,,"Machine Learning,",4,161-186.,,,
1634,"Utgoff, P.",(1989).,Incremental induction of decision trees.,,,,,,,,,,,"Machine Learning,","4,",161-186.,,,
1637,"Utgoff, P.",(1989).,Incremental induction of decision trees.,,,,,,,,,,,"Machine Learning,","4,",161-186.,,,
1640,"Utgoff, P. E.",(1989).,Incremental induction of decision trees.,,,,,,,,,,,"Machine Learning,","4 ,",161-186.,,,
1643,"Utgoff, P. E.",(1989).,Incremental induction of decision trees.,,,,,,,,,,,"Machine Learning,","4,",161-186.,,,
1646,"Utgoff, P. E.",(1989).,Incremental induction of decision trees.,,,,,,,,,,,"Machine Learning,","4,",161-186.,,,
1649,"Utgoff, P. E.",(1989).,Incremental induction of decision trees.,,,,,,,,,,,"Machine Learning,","4,",161-186.,,,
1653,"Utgoff, P. E.",(1989b).,Incremental induction of decision trees.,,,,,,,,,,,"Machine Learning,","4,",161-186.,,,
1656,"Utgoff, P. E.",1989.,Incremental induction of decision trees.,,,,,Machine Learning,,,,,,,4,161-186.,,,
1659,"Utgoff, P.E.",,(1989) Incremental induction of decision trees.,,,,,Machine Learning,,,,,,,"4(2),",pp. 161-186.,,,
1662,"Utgoff, P.E.",1989.,Incremental induction of decision trees.,,,,,,,,,,,Machine Learning,4(2),161-186.,,,
1663,P. E. Utgoff.,1989.,Perceptron trees: A case study in hybrid concept representations.,,,,,,,,,,,"Connection Science,",1,"377-391,",,,
1667,P.E. Utgoff.,,Incremental induction of decision trees.,,,,,,,,,,,"Machine Learning,",(4):,"161-186,",,1989.,
1670,"Utgoff, P.",1989.,Incremental induction of decision trees.,,,,,,,,,,,"Machine Learning,",4,"161-186,",,,
1673,P.E. Utgoff.,,Incremental induction of decision trees.,,,,,,,,,,,"Machine Learning,",(4):,161-186,,1989.,
1676,Paul E. Utgoff.,1989.,Incremental induction of decision trees.,,,,,,,,,,,"Machine Learning,",4,"161-186,",,,
1679,Paul E. Utgoff.,1989.,Incremental induction of decision trees.,,,,,,,,,,,"Machine Learning,",4,"161-186,",,,
1682,Paul E. Utgoff.,1989.,Incremental induction of decision trees.,,,,,,,,,,,"Machine Learning,",4,"161-186,",,,
1685,P. E. Utgoff.,1989.,Incremental induction of decision trees.,,,,,,,,,,,"Machine Learning,",4,"161-186,",,,
1688,"P.E. Utgoff,",,Incremental induction of decision trees.,,,,,,,,,,,"Machine Learning,","4,",161-186.,,,
1690,P. E. Utgoff.,1989.,Improved training via incremental learning.,,,,,"In Sixth International Workshop on Machine Learning,",,,,,,,,"pages 362-365,",,,
1693,"Utgoff, P. E.",(1989a).,Improved training via incremental learning.,,,,,In Proceedings of the Sixth International Workshop on Machine Learning,Morgan Kaufmann.,,"Ithaca, NY:",,,,,(pp. 362-365,,,
1696,"Utgoff, Paul E.",(1989).,"Improved Training via Incremental Learning,",,,,,"Proc. of the 6th Int'l Workshop on Machine Learning,",,,,,,,,62-65.,,,
1700,"Utgoff, P. E.",(1989).,Perceptron trees: A case study in hybrid concept representations.,,,,,,,,,,,"Connection Science,","1 (4),",377-391.,,,
1703,"Utgoff, P. E.",(1989).,Perceptron trees: A case study in hybrid concept representations.,,,,,,,,,,,"Connection Science,","1 (4),",377-391.,,,
1706,"Utgoff, P. E.",(1989).,Perceptron trees: A case study in hybrid concept representations.,,,,,,,,,,,"Connection Science,","1 (4),",377-391.,,,
1709,"Utgoff, P. E.",(1989).,Perceptron trees: A case study in hybrid concept representations.,,,,,,,,,,,"Connection Science,","1,",377-391.,,,
1712,"Utgoff, P.E.","(1989),","Perceptron Trees: A case study in hybrid concept representations,",,,,,,,,,,,"Connection Science,","1,",pp. 337-391.,,,
1715,"Utgoff, P., E.,",(1989),Perceptron Trees: A case study in Hybrid Concept Representations.,,,,,,,,,,,"Connection Science,",Volume 1.,,,,
1718,Paul E. Utgoff.,1989.,Perceptron trees: A case study in hybrid concept representations.,,,,,,,,,,,"Connection Science,",1(4),"377-391,",,,
1721,Paul E. Utgoff.,1989.,Perceptron trees: A case study in hybrid concept representations.,,,,,,,,,,,"Connection Science,",1(4),"377-391,",,,
1724,Paul E. Utgoff.,1989.,Perceptron trees: A case study in hybrid concept representations.,,,,,,,,,,,"Connection Science,",1(4),"377-391,",,,
1727,"Utgoff, P.",(1989).,Perceptron trees: A case study in hybrid concept representation.,,,,,Connection Science. Set Curves Set Curves Set Curves Set Curves Curves Curves,,,,,,,,,,,
1731,"Utgoff, P. E. and Brodley C. E.",(1990).,An incremental method for finding multivariate splits for decision trees.,,,,,In Proceedings of the Seventh International Conference on Machine Learning,Morgan Kaufmann.,,"Austin, TX:",,,,,(pp. 58-65).,,,
1734,"Utgoff, P. E., & Brodley, C. E.",(1990).,An incremental method for finding multivariate splits for decision trees.,,,,,"In Proceedings of the Seventh International Conference on Machine Learning,",,,"Los Altos, CA.",,,,,,,,
1737,"Utgoff, P. E., & Brodley, C. E.",(1990).,An incremental method for finding multivariate splits for decision trees.,,,,,"In Proceedings of the Seventh International Conference on Machine Learning,",Morgan Kaufmann.,,"Los Altos, CA.",,,,,pp. 58-65.,,,
1740,"Utgoff, P. E., & Brodley, C. E.",(1990).,An incremental method for finding multivariate splits for decision trees.,,,,,"In Proceedings of the Seventh International Conference on Machine Learning,",Morgan Kaufmann.,,"Los Altos, CA.",,,,,pp. 58-65.,,,
1743,"Utgoff, P. E., & Brodley, C. E.",(1990).,An incremental method for finding multivariate splits for decision trees.,,,,,Proceedings of the Seventh International Conference on Machine Learning,Morgan Kaufmann.,,"Austin, TX:",,,,,(pp. 58-65).,,,
1746,"Utgoff, P. E., & Brodley, C. E.",(1990).,An incremental method for finding multivariate splits for decision trees.,,,,,Proceedings of the Seventh International Conference on Machine Learning,Morgan Kaufmann.,,"Austin, TX:",,,,14,(pp. 58-65).,,,
1749,P. Utgoff and C. Brodley.,,An incremental method for find multivariate splits for decision trees.,,,,,"In Proceedings of the Seventh International Conference on Machine Learning,",Morgan Kaufmann.,,"Los Altos, CA.",,,,,"pages 56-65,",,,
1752,P. E. Utgoff and C. E. Brodley.,,An incremental method for finding multivariate splits for decision trees.,,,,,"In Proceedings of the Seventh International Conference on Machine Learning,",Morgan Kaufmann.,,"Los Altos, CA,",,,,16,"pages 58-65,",,1990.,
1755,Paul E. Utgoff and Carla E. Brodley.,1990.,An incremental method for finding multivariate splits for decision trees.,,,,,"In Proceedings of the Seventh International Conference on Machine Learning,",Morgan Kauf-mann.,,"Los Altos, CA,",,,,,"pages 58-65,",,,
1758,Paul E. Utgoff and Carla E. Brodley.,1990.,An incremental method for finding multivariate splits for decision trees.,,,,,"In Proceedings of the Seventh International Conference on Machine Learning,",Morgan Kauf-mann.,,"Los Altos, CA,",,,,,"pages 58-65,",,,
1761,Paul E. Utgoff and Carla E. Brodley.,1990.,An incremental method for finding multivariate splits for decision trees.,,,,,"In Proceedings of the Seventh International Conference on Machine Learning,",Morgan Kauf-mann.,,"Los Altos, CA,",,,,,"pages 58-65,",,,
1766,"Utgoff, P. & Clouse, J.",(1991).,Two kinds of training information for evaluation function learning.,,,,,"In Proceedings of the Ninth National Conference on Artificial Intelligence,",,,"Anaheim, CA.",,,,,"(pp. 596-600),",,,
1769,"Utgoff, P. E., & Clouse, J. A.",(1991).,Two kinds of training information for evaluation function learning.,,,,,Proceedings of the Ninth National Conference on Artificial Intelligence,MIT Press.,,"Anaheim, CA:",,,,,(pp. 596-600).,,,
1772,"Utgoff, P., & Clouse, J.",(1991).,Two kinds of training information for evaluation function learning.,,,,,"In Proceedings of the Ninth National Conference on Artificial Intelligence,",,,"Anaheim, CA.",,,,,pp.,,,
1777,P. Utgoff and J. Clouse.,1991.,Two kinds of training information for evaluation function learning.,,,,,"In Proceedings of AAAI,",,,,,,,,,,,
1780,P.E. Utgoff and J.A. Clouse.,,Two kinds of training information for evaluation function learning.,,,,,"In Proceedings of the Ninth Annual Conference on Artificial Intelligence,",Morgan Kaufmann.,,"San Mateo, CA,",,,,,"pages 596-600,",,1991.,
1783,P. E. Utgoff and J. A. Clouse.,,Two kinds of training information for evaluation function learning.,,,,,"In Proceedings of the Ninth Annual Conference on Artificial Intelligence,",Morgan Kaufmann.,,"San Mateo, CA,",,,,,"pages 596-600,",,1991.,
1786,"Utgoff, P.",,and Clouse (1991). Two kinds of training information for evaluation function learning.,,,,,"In Proceedings of Ninth National Conference on Artificial Intelligence,",AAAI Press/MIT Press.,,Anaheim.,,,,,"pages 596-600,",,,
1788,"Utgoff, P. E. and Brodley C. E.",(1991).,Linear machine decision trees,,Department of Computer Science.,,,,,,"Amherst, MA: University of Massachusetts,",,,,,,(Technical Report 10).,,
1791,"Utgoff, P. E., & Brodley, C. E.",(1991).,"Linear machine decision trees,",,Department of Computer and Information Science.,,,,,,"Amherst, MA: University of Massachusetts,",,,,,,"(COINS Technical Report 91-10),",,
1794,"Utgoff, P. E., & Brodley, C. E.",(1991).,Linear machine decision trees.,,,,,,,,University of Massachusetts at Amherst.,,,,,,"Tech. rep. 10,",,
1797,"Utgoff, P. E., & Brodley, C. E.",(1991).,Linear machine decision trees.,,,,,,,,University of Massachusetts at Amherst.,,,,,,"Tech. rep. 10,",,
1800,Paul E. Utgoff and Carla E. Brodley.,1991.,Linear machine decision trees.,,,,,,,,"University of Massachusetts, Amherst MA,",,,,,,"Technical Report 10,",,
1803,Paul E. Utgoff and Carla E. Brodley.,1991.,Linear machine decision trees.,,,,,,,,"University of Massachusetts, Amherst MA,",,,,,,"Technical Report 10,",,
1806,Paul E. Utgoff and Carla E. Brodley.,1991.,Linear machine decision trees.,,,,,,,,"University of Massachusetts, Amherst MA,",,,,,,"Technical Report 10,",,
1810,P. Utgoff.,1994.,An Improved Algorithm for Incremental Induction of Decision Trees.,,,,"In W. Cohen and H. Hirsh, editors,","Proceedings of the Eleventh International Conference on Machine Learning,",Morgan Kaufmann.,,"Rutgers University, New Brunswick, NJ,",,,,,"pages 318-325,",,,
1819,"Utgoff, P. E.","(1994),",An improved algorithm for incremental induction of decision trees,,,,,"in Machine Learning: Proceedings of the Eleventh International Conference,","Morgan Kaufmann,",,,,,,,pp. 318-325.,,,
1822,"Utgoff, P. E.",(1994).,An improved algorithm for incremental induction of decision trees.,,,,,Machine Learning: Proceedings of the Eleventh International Conference,Morgan Kaufmann.,,"New Brunswick, NJ:",,,,,(pp. 318-325).,,,
1825,"Utgoff, P.",1994.,An Improved Algorithm for Incremental Induction of Decision Trees.,,,,"In Cohen, W. and Hirsh, H., editors,","Proceedings of the Eleventh International Conference on Machine Learning,",Morgan Kaufmann.,,"Rutgers University, New Brunswick, NJ,",,,,,"pages 318-325,",,,
1828,Paul E. Utgoff.,,An improved algorithm for incremental induction of decision trees.,,,,Editors: William W. Cohen and Haym Hirsh.,"In ML-94 ,",,,,,,,,pages 318-325.,,,
1831,Paul E. Utgoff.,,An improved algorithm for incremental induction of decision trees.,,,,Editors: William W. Cohen and Haym Hirsh.,"In ML-94 ,",,,,,,,,pages 318-325.,,,
1834,Paul E. Utgoff.,,An improved algorithm for incremental induction of decision trees.,,,,Editors: William W. Cohen and Haym Hirsh.,"In ML-94 ,",,,,,,,,pages 318-325.,,,
1837,"P.E. Utgoff,",,An improved algorithm for incremental induction of decision trees.,,,,,"Proceedings of the Eleventh International Conference on Machine Learning,","Morgan Kaufmann,",,"San Francisco, CA:",,,,,318-325.,,,
1840,"Utgoff, P. E.","(1995),","Decision tree induction based on efficient tree restructuring,",,,,,,,,"University of Massachusetts, Amherst.",,,,,,"Technical Report 05-18,",,
1843,"Utgoff, P. E.","(1995),","Decision tree induction based on efficient tree restructuring,",,,,,,,,"University of Massachusetts, Amherst.",,,,,,"Technical Report 05-18,",,
1846,Paul E. Utgoff.,1995.,Decision tree induction based on efficient tree restructuring.,,,,,,,,"University of Massachusetts,",March,,,,,"Technical Report 95-18,",,
1849,"Utgoff, P.E.","(1996),","Decision Tree Induction Based on Efficient Tree Restructuring,",,"University of Massachusetts, Department of Computer Science,",,,,,,"Amherst, MA.",,,,,,"Technical Report 95-18,",,
1851,"Utgoff, P.E. and Clouse J.A.","(1996),","A Kolmogorov-Smirnoff Metric for Decision Tree Induction,",,"University of Massachusetts, Department of Computer Science,",,,,,,"Amherst, MA.",,,,,,"Technical Report 96-3,",,
1858,"Paul E. Utgoff, Neil C. Berkman, and Jeffery A. Clouse.",1997.,"Decision tree induction based on efficient tree restructuring. Machine Learning,",,,,,,,,,,,,"29:5,",,,,
1861,"Utgoff, P. E., Berkman, N. C., & Clouse, J. A.",,(in press). Decision tree induction based on efficient tree restructuring.,,,,,,,,,,,Machine Learning.,,,,,
1863,"Utgoff, P. E., & Precup, D.",(1997).,"Constructive function approximation,",,Department of Computer Science.,,,,,,"Amherst, MA: University of Massachusetts,",,,,,,"(Technical Report 97-04),",,
1866,P.E. Utgoff.,,"Constructive Function Approximation,",,"Department of CS, Univ. of Mass.,",,,,,,,,,,,,TR 97-4.,,
1872,"R.C. Yee, S. Saxena, P.E. Utgoff, and A.G. Barto.",1990.,Explaining temporal differences to create useful concepts for evaluating states.,,,,,"In Proceedings of the Eighth National Conference on Artificial Intelligence,",,,"Cambridge, MA,",,,,,"pages 882-888,",,,
1875,"Richard C. Yee, Sharad Saxena, Paul E. Utgoff, and Andrew C. Barto.",1990.,Explaining temporal-differences to create useful concepts for evaluating states.,,,,,"In Proceedings of AAAI-90,",,,,,,,,,,,
1879,"Q. Zheng,",1993.,"Real-time Fault-tolerant Communication in Computer Networks,",,,,,,,,"University of Michigan,",,PostScript version of the thesis is available via anonymous FTP from ftp.eecs.umich.edu in directory outgoing/zheng.,,,,"PhD thesis,",,
